sample_idx,char_idx,obj_idx,query_pair,is_unknown,state_idx,target_state,queried_character,queried_object,question,pc1,pc2,pc3,pc4,pc5,pc6,pc7,pc8,pc9,pc10,cluster
0,0,0,0,0,0,wine,Charlie,jar,What does Charlie believe the jar contains?,9.35689,8.941254,2.2827225,-7.419442,0.68863857,4.9432163,-0.14206357,3.5576205,0.40696102,-2.0938013,1
1,0,0,0,0,0,tea,Heidi,cup,What does Heidi believe the cup contains?,9.026641,1.3035004,0.89495903,-2.8109527,-1.4857137,4.7367506,-4.8030796,-1.5965989,4.460107,2.6610782,1
2,1,1,3,0,1,wine,Anna,tank,What does Anna believe the tank contains?,7.2304363,7.414696,-2.0568423,-1.1926546,8.534072,2.7475915,0.22851829,1.79215,-3.1417668,-3.921027,1
3,0,0,0,0,0,champagne,Dean,pitcher,What does Dean believe the pitcher contains?,10.174295,8.500557,-1.0935299,9.510898,-11.828492,1.682621,4.540854,3.4439561,2.921532,-2.0908887,1
4,1,1,3,0,1,beer,Kevin,mug,What does Kevin believe the mug contains?,8.55553,4.6039877,1.0824999,0.31851387,5.922196,-2.9604442,-0.61130804,2.8046534,2.9207225,3.4430447,1
5,1,0,2,1,-1,unknown,Oscar,cup,What does Oscar believe the cup contains?,-8.547921,2.6689322,-2.0796762,-1.5349466,-1.6792804,-2.712986,-1.159491,2.5138743,-2.8618517,4.1264997,0
6,0,0,0,0,0,cocktail,Eve,container,What does Eve believe the container contains?,8.087392,-3.262234,-2.9525836,-0.30377933,-3.4416373,5.471896,-1.735501,-6.032929,-1.7587653,-5.450445,1
7,0,1,1,1,-1,unknown,Carl,flask,What does Carl believe the flask contains?,-10.6496105,1.6104859,4.6434298,-0.22211169,1.4749984,1.5942091,0.12323518,-0.2678139,-0.3941352,-0.62834436,0
8,1,0,2,1,-1,unknown,Zoe,container,What does Zoe believe the container contains?,0.8911497,-1.2378359,-7.4203043,2.113761,2.9040556,5.898947,-0.25215772,-2.1448855,-1.7115669,-4.6349525,1
9,0,0,0,0,0,float,Ken,container,What does Ken believe the container contains?,7.5842624,-5.995258,1.3710266,-3.415625,-2.3999622,-4.651021,-1.1398,-1.7457991,5.9775295,-1.445708,1
10,0,1,1,1,-1,unknown,Grace,can,What does Grace believe the can contains?,-11.1981945,-0.71156514,5.000727,1.1562994,-0.23670667,1.1346518,-0.05952889,-1.1884712,1.6426078,-0.9290447,0
11,1,1,3,0,1,champagne,Chad,bottle,What does Chad believe the bottle contains?,8.844648,7.4011807,-2.9427872,13.842417,-4.035081,-0.5576767,4.1768517,3.2111335,0.78363425,-3.8828986,1
12,1,1,3,0,1,stout,David,pint,What does David believe the pint contains?,7.462859,0.40699822,-0.0856933,3.58719,2.5354407,-7.4933815,2.137814,3.1776624,3.1896276,2.6172655,1
13,1,1,3,0,1,wine,Zoe,can,What does Zoe believe the can contains?,9.344107,10.077938,0.72558135,-2.8420646,8.158131,2.6367805,-0.92866904,4.0502057,-2.2775893,-5.0904827,1
14,1,0,2,1,-1,unknown,Rose,quart,What does Rose believe the quart contains?,-8.31434,-0.2501464,-5.48381,-2.2444496,-0.09843293,0.6058987,-1.6480559,3.5700004,-0.8349081,2.9734697,0
15,1,0,2,1,-1,unknown,Lee,glass,What does Lee believe the glass contains?,-9.500897,0.92587197,-2.0828018,0.0825209,0.4421901,-0.45576045,0.20755064,1.2192447,2.3518658,0.9563885,0
16,0,0,0,0,0,monster,Jean,tote,What does Jean believe the tote contains?,6.35346,-8.356308,5.295911,-4.431169,-6.8117385,-1.436283,-5.646275,6.2100925,-1.8536392,-6.2725964,1
17,1,0,2,1,-1,unknown,Fred,can,What does Fred believe the can contains?,-5.658099,3.5045784,-6.5584617,-3.074669,2.2135806,-2.7367241,-0.5003768,2.0927718,0.7678024,2.6540668,0
18,0,1,1,1,-1,unknown,Zoe,vat,What does Zoe believe the vat contains?,-10.856303,-0.3710344,7.3174458,0.6037274,-0.44028142,2.9197862,-1.6929115,-0.21936892,1.1045791,-2.0936632,0
19,0,0,0,0,0,soda,Charlie,tote,What does Charlie believe the tote contains?,8.238872,-3.7503695,-0.2618254,-2.000312,-2.4808004,5.9314575,-1.2217379,-0.32700732,-0.99624157,6.0979834,1
20,1,0,2,1,-1,unknown,James,dispenser,What does James believe the dispenser contains?,-8.37504,2.4564774,-1.7042207,-1.1325976,0.23141953,-1.9460598,-0.76221824,1.3010473,1.2889477,2.3980172,0
21,0,0,0,0,0,tea,Pam,drum,What does Pam believe the drum contains?,7.3246107,0.18806429,1.6433753,-3.1881232,-1.2211223,4.832793,-2.8914878,-2.7583573,3.2650938,1.0611031,1
22,1,0,2,1,-1,unknown,Mary,dispenser,What does Mary believe the dispenser contains?,-9.1422415,1.3476328,-1.0589609,-1.1710608,-1.3989482,1.7457469,-1.1304871,1.5733457,0.122967154,0.17048517,0
23,1,1,3,0,1,ale,Jane,flask,What does Jane believe the flask contains?,8.519534,0.6249623,1.5687419,0.41763905,5.690076,-2.4068148,3.7721236,-4.6534705,6.232122,-1.5803272,1
24,1,0,2,1,-1,unknown,Tina,glass,What does Tina believe the glass contains?,-8.014234,5.315193,-5.931437,-3.3562417,0.91220087,0.74682295,-1.5966436,2.9108555,-1.8066562,-0.6904812,0
25,0,0,0,0,0,wine,Heidi,bottle,What does Heidi believe the bottle contains?,10.492243,10.949938,-0.1383015,-7.4509797,0.7805236,4.692078,-0.640117,4.5309772,-0.4965434,-3.2870483,1
26,0,1,1,1,-1,unknown,Sean,pint,What does Sean believe the pint contains?,-8.931929,-0.80479956,-0.9405682,-0.34189045,0.11366402,-0.27454543,-0.93823594,0.6498917,0.41688922,-0.2584553,0
27,1,0,2,1,-1,unknown,Ray,jug,What does Ray believe the jug contains?,-10.050413,-1.0591656,-0.5243835,-1.3178494,-0.127094,0.43670255,0.23466173,1.5572879,-0.24333286,3.253072,0
28,1,1,3,0,1,ale,Lily,jug,What does Lily believe the jug contains?,1.2779759,1.7373651,-6.588098,-0.039748315,6.6693296,-0.3122123,2.5601313,-4.299869,2.0678806,-1.9415829,1
29,0,0,0,0,0,ale,Tim,urn,What does Tim believe the urn contains?,6.908469,-0.76517373,1.9799287,-4.648549,-1.283704,-1.3899567,6.1244655,-7.4886646,8.306293,0.29988697,1
30,0,1,1,1,-1,unknown,Rose,glass,What does Rose believe the glass contains?,-3.4789875,3.974509,-6.5466356,-1.2215582,5.5888615,5.397774,-0.20357533,-0.5049088,-1.6005778,-2.3934724,0
31,0,1,1,1,-1,unknown,Rachel,can,What does Rachel believe the can contains?,-11.1393,2.4464872,5.4891634,-0.055565946,1.8392234,2.6628227,-0.691993,-0.4716154,-1.3317318,-1.8583539,0
32,0,0,0,0,0,water,Eve,cup,What does Eve believe the cup contains?,6.7977324,3.238263,0.5679582,-4.740082,-1.3620751,1.5572668,-3.0437398,2.889276,2.5928607,2.452102,1
33,0,1,1,1,-1,unknown,Ian,jug,What does Ian believe the jug contains?,-9.793228,-0.7089915,1.6037138,-0.7502223,1.1455803,1.5559682,0.2932482,-1.6528572,-0.6779245,-0.5759668,0
34,1,0,2,1,-1,unknown,Jean,can,What does Jean believe the can contains?,-8.334049,0.5472866,-3.1591954,-4.252395,-0.16710174,-1.8808616,0.105791636,0.4813963,-0.10940294,1.0150064,0
35,0,1,1,1,-1,unknown,Megan,cup,What does Megan believe the cup contains?,-10.089571,0.27552143,3.0007424,0.6962699,0.061071362,0.16503274,-0.3983639,-0.6101253,-2.4746215,1.9613787,0
36,0,0,0,0,0,monster,Pam,drum,What does Pam believe the drum contains?,7.235982,-7.7998643,5.67061,-4.9550786,-5.2366424,-1.0315595,-6.070929,6.3010173,-1.3456322,-6.565214,1
37,1,0,2,1,-1,unknown,Donna,tote,What does Donna believe the tote contains?,-8.39158,2.2971478,-4.3563466,-1.9256824,-1.1155045,-2.2949243,0.60310715,0.17173494,1.3442781,0.27771693,0
38,0,1,1,1,-1,unknown,Mark,tote,What does Mark believe the tote contains?,-11.358513,-1.1999476,6.3326607,-0.2557015,0.3564144,0.64221996,-0.6691908,-1.1920573,0.20560873,0.07093398,0
39,0,1,1,1,-1,unknown,Mary,vat,What does Mary believe the vat contains?,-10.915862,1.6366007,4.860831,1.3417377,-0.7845158,0.5946748,3.0176032,-0.23404683,-2.6591275,-2.6291106,0
40,1,1,3,0,1,stout,Oscar,flute,What does Oscar believe the flute contains?,7.1520348,-0.09379258,2.2830758,4.397021,2.7527876,-5.2067184,0.01031665,3.5030699,2.9789262,3.3440788,1
41,0,0,0,0,0,cocoa,Olivia,mug,What does Olivia believe the mug contains?,7.717504,0.92741925,-0.86912394,2.1965868,-5.526121,1.0554093,-7.9113984,-7.561884,-5.1223397,2.5358922,1
42,0,0,0,0,0,soda,Fred,vat,What does Fred believe the vat contains?,8.661247,-2.296714,-0.213435,-3.3728554,-1.709482,3.888422,0.4043259,1.2602959,-0.5308703,7.5213923,1
43,1,0,2,1,-1,unknown,Alice,pitcher,What does Alice believe the pitcher contains?,-8.119287,2.8764484,-2.176397,-1.3136584,-1.3447481,-2.8360596,-1.3747476,2.1909244,-2.4728055,4.0275993,0
44,0,0,0,0,0,soda,Ken,flask,What does Ken believe the flask contains?,8.958763,-1.7844259,-0.8766251,-3.069221,-2.3092518,3.7570527,1.637883,2.083987,-1.5460893,8.471806,1
45,0,1,1,1,-1,unknown,Will,can,What does Will believe the can contains?,-11.387162,-1.774507,6.24786,-1.2056503,1.2225261,0.71250594,1.7065783,-1.9086559,1.2307504,-1.2284571,0
46,1,0,2,1,-1,unknown,Dan,container,What does Dan believe the container contains?,0.43361455,-12.333867,-3.8597915,3.9522736,3.9114234,3.4347482,4.295901,4.237241,-4.562722,-2.1336577,1
47,1,0,2,1,-1,unknown,Charlie,tun,What does Charlie believe the tun contains?,-7.5652933,2.027074,-5.7094636,-1.7264228,-0.99899477,-2.7098465,-3.0528147,1.7115107,-0.6555699,1.5216279,0
48,1,0,2,1,-1,unknown,Oscar,pitcher,What does Oscar believe the pitcher contains?,-8.791197,2.2559507,-0.881949,-0.8558222,-1.4854479,-2.4803033,-0.83790195,1.917813,-2.543505,4.1585493,0
49,0,1,1,1,-1,unknown,Pete,tank,What does Pete believe the tank contains?,-11.394888,-0.05686057,5.9360886,0.13587134,0.6758702,0.5755963,-0.08575507,-1.2586828,0.15109384,0.12980488,0
50,0,0,0,0,0,milk,Cathy,flask,What does Cathy believe the flask contains?,8.743874,1.6948668,0.83891094,-4.2450986,-1.709837,2.361515,-6.835473,0.27876782,-1.3790252,1.9575684,1
51,0,0,0,0,0,espresso,Ken,quart,What does Ken believe the quart contains?,8.471934,-0.2439277,-1.3691307,0.31806412,-4.3120527,-1.7168046,0.9516527,-3.2638316,5.2044983,5.6136723,1
52,1,1,3,0,1,juice,Julia,tun,What does Julia believe the tun contains?,10.290329,1.0420444,0.73615754,0.15350045,4.0241637,8.169497,-2.0050266,1.7129245,2.5694075,-2.476651,1
53,0,1,1,1,-1,unknown,Julia,can,What does Julia believe the can contains?,-11.253426,-1.0541935,6.3846006,1.7095295,-0.1623548,1.7878016,-0.9505049,-1.5714926,2.0272598,-1.4685134,0
54,1,0,2,1,-1,unknown,Lily,bottle,What does Lily believe the bottle contains?,-8.818072,1.8331618,-3.9486942,0.3490558,-1.9067163,-0.5866875,-4.4665275,-1.306907,-2.7868226,0.99154097,0
55,0,1,1,1,-1,unknown,Dave,horn,What does Dave believe the horn contains?,-11.222852,1.4517372,4.634097,0.6593236,-0.9893173,-0.085304365,4.537805,-1.0370991,-1.7932868,-2.3041754,0
56,1,0,2,1,-1,unknown,Lisa,vat,What does Lisa believe the vat contains?,-9.129586,1.4627906,-2.4884756,-1.1991718,-0.29564038,-1.6302112,0.35483208,-0.3742382,1.4419706,1.5462217,0
57,0,1,1,1,-1,unknown,Pete,drum,What does Pete believe the drum contains?,-11.49686,0.96004766,5.28897,-0.76554734,0.4772854,-0.38358974,1.271627,-0.6943283,-1.33006,-0.4379087,0
58,0,1,1,1,-1,unknown,Kim,tun,What does Kim believe the tun contains?,-10.747746,-3.1799881,6.0208693,0.45244157,0.015620906,-0.047790628,-1.4472414,1.2033068,0.32100457,-1.9808581,0
59,0,0,0,0,0,porter,Max,can,What does Max believe the can contains?,7.857586,-2.9701672,0.10931872,-0.24320324,-6.531793,-5.447121,1.3165019,-2.5893276,5.1453605,-0.25898495,1
60,0,1,1,1,-1,unknown,Wayne,pint,What does Wayne believe the pint contains?,-8.91382,-0.49998802,0.5632514,1.2605693,-0.35339138,-0.07369114,1.5692635,-0.09008186,1.9192685,-1.2817199,0
61,1,0,2,1,-1,unknown,John,tun,What does John believe the tun contains?,-9.658723,-0.170532,-1.3178887,-0.38883236,-1.4153262,-0.6353409,0.50483644,-0.40756643,1.1990657,-0.878934,0
62,1,1,3,0,1,port,Phil,pitcher,What does Phil believe the pitcher contains?,6.6996717,-0.6046126,2.4816782,2.5997632,3.4175253,-7.163028,0.21376865,-2.4310048,1.4515961,-3.5204163,1
63,1,1,3,0,1,espresso,Dean,container,What does Dean believe the container contains?,3.5769975,-0.9064848,-5.6290984,5.0076857,4.918656,-1.5690712,0.90995693,-3.5489702,1.3181096,1.7638792,1
64,0,1,1,1,-1,unknown,Jeff,vat,What does Jeff believe the vat contains?,-10.129732,-3.1915367,5.3200607,2.1478941,1.3383082,4.584408,2.6368794,0.4770153,0.48635036,0.36653823,0
65,0,1,1,1,-1,unknown,Keith,tote,What does Keith believe the tote contains?,-10.210414,1.5407445,1.8026177,4.0010443,-1.4292754,2.3382528,0.7095349,-0.5643921,0.33019117,-0.99460846,0
66,1,0,2,1,-1,unknown,Anna,flute,What does Anna believe the flute contains?,-7.212821,2.6983218,-4.8668165,-2.6539698,-1.5119615,-1.2125741,-2.8120756,2.1976452,-0.6554871,1.9224726,0
67,1,1,3,0,1,porter,Phil,drum,What does Phil believe the drum contains?,6.860057,-1.3858724,-1.3798587,5.4110637,2.5951173,-7.323773,1.7389073,-2.3296297,4.01972,-1.7833841,1
68,0,0,0,0,0,beer,Rose,flute,What does Rose believe the flute contains?,9.329493,4.76942,2.957476,-3.6873522,0.5265045,1.4979533,-1.8027359,2.2785933,5.4134874,4.8987393,1
69,0,0,0,0,0,milk,Julia,vat,What does Julia believe the vat contains?,7.988371,1.7042484,4.5207415,-5.0469117,-1.9463005,2.5299897,-5.8537893,0.5400491,-0.6433347,3.0451322,1
70,1,1,3,0,1,float,Rachel,vat,What does Rachel believe the vat contains?,4.0934544,-7.1937075,0.7614869,2.8469856,4.4215226,-5.3435473,-4.2584143,-1.8845116,2.2625954,-4.565373,1
71,0,1,1,1,-1,unknown,Rob,tun,What does Rob believe the tun contains?,-10.943751,-0.6968765,6.0469413,1.0756228,0.70792615,0.44351816,0.14214823,-2.5450473,-2.3497002,1.8557363,0
72,0,1,1,1,-1,unknown,Tina,can,What does Tina believe the can contains?,-9.859935,-5.436522,3.8569574,2.5346663,0.720579,4.130863,1.1678158,3.2265913,-1.6222795,-0.7014919,0
73,1,0,2,1,-1,unknown,Frank,flask,What does Frank believe the flask contains?,-6.8168077,3.3930075,-7.1551533,-3.118608,-2.3264804,-5.3368745,3.414302,2.8093398,-3.0332608,-0.5727399,0
74,0,0,0,0,0,porter,Rachel,bottle,What does Rachel believe the bottle contains?,8.055783,-2.420454,-1.3810458,-0.50188905,-6.457881,-3.3547475,-0.864866,-2.5377545,4.82933,-1.7822263,1
75,0,0,0,0,0,cocoa,Phil,pint,What does Phil believe the pint contains?,7.9362955,-0.035537604,0.49787974,1.9240276,-4.9986424,1.2898334,-5.3726635,-9.251635,-5.1219935,2.298184,1
76,1,0,2,1,-1,unknown,Jean,drum,What does Jean believe the drum contains?,-6.119603,0.31610164,-5.5928493,-1.6126031,-0.61046636,-2.597345,-1.0422486,-0.22068301,1.1697317,-1.0644048,0
77,0,1,1,1,-1,unknown,Amy,tun,What does Amy believe the tun contains?,-11.670856,-0.7636679,6.791172,1.1146425,0.32117024,0.33593312,-0.578548,-1.1791977,-0.76959264,0.071111195,0
78,1,1,3,0,1,punch,Gwen,dispenser,What does Gwen believe the dispenser contains?,8.016883,-2.9149435,-3.0104609,2.6766808,2.7364326,1.4596232,0.3982256,-1.4514248,-0.51394475,-3.4584029,1
79,0,1,1,1,-1,unknown,Greg,flute,What does Greg believe the flute contains?,-10.09188,0.016023712,6.1153016,0.53761464,0.21478091,-0.63551587,1.7009771,-0.49609393,-2.0533526,1.8815362,0
80,0,1,1,1,-1,unknown,Heidi,mug,What does Heidi believe the mug contains?,-10.548104,0.21269532,2.3988464,1.6279919,0.7064263,0.75495845,-0.4190714,-0.8160339,1.5298376,0.8930101,0
81,1,1,3,0,1,coffee,Lee,horn,What does Lee believe the horn contains?,6.652134,3.3283691,0.033691566,5.607224,4.4771314,-1.1620572,-4.5150237,-0.114165455,2.2727423,0.93323475,1
82,0,1,1,1,-1,unknown,Kevin,can,What does Kevin believe the can contains?,-11.325998,-0.35056645,4.6389384,0.050411105,-0.03145709,0.3880431,3.0950885,-1.9451356,-1.0959443,-0.41496947,0
83,0,0,0,0,0,cocktail,Jake,tank,What does Jake believe the tank contains?,8.149584,-2.7163107,0.5484997,-0.7390447,-5.125218,4.042263,-0.5875096,-4.2325745,0.46489105,-2.0372534,1
84,0,0,0,0,0,water,Jane,bottle,What does Jane believe the bottle contains?,7.5622525,3.194011,-0.56623274,-4.1275077,-2.3080015,1.1135992,-3.9968548,3.6492765,2.2249491,1.3525773,1
85,1,1,3,0,1,cocoa,Lily,drum,What does Lily believe the drum contains?,9.213341,1.1759651,-2.0891407,5.7566504,2.0043998,-1.9577552,-8.177017,-8.108019,-8.471812,-0.99115103,1
86,0,0,0,0,0,juice,Gary,tote,What does Gary believe the tote contains?,8.776119,0.07331683,1.2998326,-5.4336543,-3.5337868,8.987807,0.7329688,0.26076466,3.1643984,-1.7833543,1
87,0,0,0,0,0,porter,John,horn,What does John believe the horn contains?,7.743938,-2.7480774,0.9986375,-0.21729197,-6.850068,-3.7444046,1.017658,-3.8602817,5.244598,-0.9333155,1
88,0,1,1,1,-1,unknown,Ivy,tote,What does Ivy believe the tote contains?,-11.564063,0.2440481,6.69365,1.0778236,1.0862744,1.9300846,-1.0725871,-1.6007214,0.775555,0.17373417,0
89,1,0,2,1,-1,unknown,Tim,quart,What does Tim believe the quart contains?,-7.601805,-2.3517008,-1.9894705,-2.2342165,-1.6893966,-4.3945045,-3.6298864,5.181998,0.036307145,-1.0101922,0
90,1,0,2,1,-1,unknown,Ray,glass,What does Ray believe the glass contains?,-10.386166,0.3058193,-0.5222978,-0.47846437,-0.5193009,-0.42877492,-0.91398865,-0.26071522,1.2095531,0.48084024,0
91,1,1,3,0,1,bourbon,Mike,can,What does Mike believe the can contains?,7.686732,1.4739877,6.5251775,2.9551456,0.28599444,-6.071449,1.4610198,-0.49462405,-8.228805,5.236228,1
92,0,1,1,1,-1,unknown,Ruth,can,What does Ruth believe the can contains?,-10.323962,3.6023896,3.4922826,0.41776133,0.41842294,2.9405937,0.34754443,1.0624678,-0.56476176,-2.524734,0
93,1,1,3,0,1,ale,Chris,drum,What does Chris believe the drum contains?,6.722901,0.44599193,3.209493,1.4842781,3.2480917,-4.7191486,4.8345575,-6.521689,6.002971,-2.4650266,1
94,1,1,3,0,1,coffee,Ryan,pitcher,What does Ryan believe the pitcher contains?,6.9046564,0.9783339,-0.6659634,5.1458154,6.492486,-0.66778755,-2.3869665,-0.2255789,1.7750771,1.8568493,1
95,0,0,0,0,0,bourbon,Kevin,tote,What does Kevin believe the tote contains?,8.887159,0.6066994,5.015168,-3.1240933,-6.123101,-3.6835124,0.95988005,-0.78126353,-7.1947346,8.352091,1
96,1,1,3,0,1,wine,Greg,dispenser,What does Greg believe the dispenser contains?,6.610734,7.2409053,-0.24062984,-2.6351926,8.762432,1.711229,2.1873257,1.5026045,-4.380662,-4.0997114,1
97,1,0,2,1,-1,unknown,Steve,jar,What does Steve believe the jar contains?,-5.6638613,1.8972063,-7.3744802,-6.038195,0.14251055,-3.8197536,1.2427329,1.8771899,-0.864779,1.1802673,0
98,1,1,3,0,1,bourbon,Mary,quart,What does Mary believe the quart contains?,8.470676,1.9309034,6.263114,3.0922525,0.70505345,-3.110378,-0.33935195,2.271652,-9.460376,5.471668,1
99,1,1,3,0,1,cocoa,Eve,quart,What does Eve believe the quart contains?,6.197018,-0.2355303,2.2659893,6.092262,0.8450953,1.6178396,-8.164237,-9.324677,-6.8972683,0.096309125,1
100,0,0,0,0,0,champagne,Linda,glass,What does Linda believe the glass contains?,9.782576,8.300341,-0.2931252,10.449485,-11.938243,4.3589277,1.858474,2.0886006,2.1356034,-2.7616503,1
101,1,0,2,1,-1,unknown,Quinn,dispenser,What does Quinn believe the dispenser contains?,-8.216387,-0.46838987,-2.1651707,-1.0548785,-1.9115117,-3.1727433,-2.3803928,1.3965056,0.43934864,-1.4219344,0
102,0,0,0,0,0,juice,Megan,bottle,What does Megan believe the bottle contains?,8.86641,1.1750723,-2.4993377,-2.7470696,-1.1170081,10.773943,-0.028485069,0.40558904,3.206703,-1.5679547,1
103,0,1,1,1,-1,unknown,Liz,tank,What does Liz believe the tank contains?,-10.347261,-0.80312616,3.3621702,0.27730477,0.7426834,0.12039788,0.8440359,-2.234044,0.9732562,-1.2648106,0
104,1,0,2,1,-1,unknown,Beth,drum,What does Beth believe the drum contains?,-7.5580263,-3.7738047,-4.4981256,0.86608166,-0.52291244,1.4199798,1.2718971,4.41617,-1.6041752,3.0453234,0
105,1,0,2,1,-1,unknown,Linda,dispenser,What does Linda believe the dispenser contains?,-5.138792,1.885273,-6.9876976,-2.2233784,0.26798198,-0.45677906,-2.63345,0.2163774,0.4285807,1.2576069,0
106,1,0,2,1,-1,unknown,Matt,cup,What does Matt believe the cup contains?,-11.081697,-1.1329343,-0.15988897,-1.0026013,-0.52545875,0.22430992,0.57540274,1.0537919,-0.8678529,3.285846,0
107,1,1,3,0,1,wine,Neil,tun,What does Neil believe the tun contains?,6.9904466,7.2785425,1.4654529,-2.8802888,7.9293427,1.7992008,1.527082,1.3530475,-2.6140654,-5.3361926,1
108,0,0,0,0,0,rum,Jeff,drum,What does Jeff believe the drum contains?,8.671099,-1.885027,2.4001186,-9.864659,-1.4417818,-1.9173156,5.6999683,-4.692242,0.90136355,0.020960217,1
109,0,0,0,0,0,gin,Joe,container,What does Joe believe the container contains?,9.500476,0.9093233,-0.72827023,-7.2544637,-5.037265,-3.4350488,10.941536,-3.6893451,-6.7104635,-5.298121,1
110,1,1,3,0,1,water,Mike,mug,What does Mike believe the mug contains?,6.639604,1.659347,2.3223383,0.2515995,4.047382,-2.6887953,-2.5504048,3.1789763,1.0805452,2.8552816,1
111,1,1,3,0,1,wine,Sam,flask,What does Sam believe the flask contains?,11.004799,9.412838,1.099755,-3.498914,8.2386875,2.6764274,0.5510394,3.8299458,-2.6781096,-3.4447467,1
112,0,1,1,1,-1,unknown,Laura,bottle,What does Laura believe the bottle contains?,-9.278126,0.6817419,1.0839435,0.271748,0.65515953,-0.49520993,2.8151095,0.21946825,-2.0303695,-1.5235075,0
113,0,0,0,0,0,gin,Pete,bottle,What does Pete believe the bottle contains?,10.069665,2.9192646,0.82141703,-8.387772,-6.476462,-5.731296,11.432885,-1.512051,-6.2286158,-3.9747012,1
114,1,0,2,1,-1,unknown,Steve,flask,What does Steve believe the flask contains?,-8.362226,0.59324586,-3.2480772,-1.2807858,-1.6590317,-3.0466378,-0.10385558,0.4589289,1.262226,1.0163976,0
115,1,1,3,0,1,monster,Kyle,horn,What does Kyle believe the horn contains?,6.9735055,-9.135778,1.9672899,1.0866954,1.3374513,-5.018815,-4.029831,8.58881,-2.0935671,-5.719082,1
116,1,0,2,1,-1,unknown,Sam,cup,What does Sam believe the cup contains?,-10.396469,2.1148763,0.060256477,3.1509333,-2.550049,-0.31519616,-0.047822375,1.6385093,1.222678,-0.9820197,0
117,1,0,2,1,-1,unknown,Sean,drum,What does Sean believe the drum contains?,-6.4487367,2.2619379,-5.6758513,-1.8788483,-0.86965966,-3.0367496,0.16363911,2.880919,1.0105242,2.836767,0
118,1,1,3,0,1,stout,Jane,dispenser,What does Jane believe the dispenser contains?,5.7361083,-1.1385101,1.0333132,4.79566,2.3489356,-4.4062343,-0.23961146,1.9732263,2.3296134,0.3545028,1
119,1,1,3,0,1,sprite,Bill,dispenser,What does Bill believe the dispenser contains?,5.660677,-10.459148,-4.7804885,5.560975,6.0363455,4.0106072,5.788309,4.2969685,-2.9380815,2.2241712,1
120,1,1,3,0,1,espresso,James,pitcher,What does James believe the pitcher contains?,7.884746,1.2267171,0.95160145,6.889271,2.0616243,-4.1356454,0.59077746,-1.643698,3.809101,3.6943715,1
121,1,1,3,0,1,tea,Rose,cup,What does Rose believe the cup contains?,8.09203,2.5849743,0.9366659,0.6897339,6.04503,0.67582244,-5.219279,0.12700804,2.317998,0.6723388,1
122,1,1,3,0,1,ale,Pete,vat,What does Pete believe the vat contains?,7.394221,0.48170257,-0.83925486,0.23650718,5.6498837,-5.4998674,5.818562,-5.5304627,5.8372855,-1.9419293,1
123,1,0,2,1,-1,unknown,Megan,vat,What does Megan believe the vat contains?,-8.847979,-2.2606964,-1.3108767,-0.447276,-1.0397376,-1.7277834,-0.37163395,0.62821746,0.5591541,0.22003342,0
124,1,0,2,1,-1,unknown,Gwen,tank,What does Gwen believe the tank contains?,-6.7289996,1.3750049,-5.6409974,-5.335725,-0.6846167,-2.7984269,1.6331933,-0.09846504,-1.0290046,0.4364686,0
125,1,0,2,1,-1,unknown,Matt,tote,What does Matt believe the tote contains?,-7.820983,-0.8826048,-3.4615083,-0.9627308,-2.1480937,-3.6796799,-0.6101365,-0.69389653,2.0647128,-0.46253705,0
126,0,0,0,0,0,beer,Eve,mug,What does Eve believe the mug contains?,9.075863,5.1178193,2.3362272,-4.1466274,-0.4803201,1.2010679,-2.7209532,1.663853,4.378362,3.8132286,1
127,1,1,3,0,1,gin,Ben,vat,What does Ben believe the vat contains?,8.986442,1.8073776,1.7856483,-0.7534285,1.067267,-7.389797,9.834596,-1.8615398,-7.509883,-5.4434524,1
128,0,0,0,0,0,soda,Lily,urn,What does Lily believe the urn contains?,8.979418,-3.3555274,3.122044,-1.9379144,-1.0405108,8.092134,-2.3931236,-0.68806076,-1.23535,6.420944,1
129,0,1,1,1,-1,unknown,Donna,pint,What does Donna believe the pint contains?,5.551001,-7.5380826,-2.1934507,-2.7135518,-3.2933247,-1.216768,-1.9233084,4.5422597,-3.9924662,-7.6905475,1
130,0,1,1,1,-1,unknown,Greg,container,What does Greg believe the container contains?,4.250367,-4.3263254,-6.9834366,-2.388055,2.3726811,0.7215867,11.095616,-8.334321,3.5822086,-3.2492015,1
131,1,1,3,0,1,punch,Jack,pint,What does Jack believe the pint contains?,7.1590576,-2.3700988,3.280637,1.3954093,1.8501456,0.27733853,-1.2161198,-0.5721155,0.97952944,-2.020529,1
132,1,0,2,1,-1,unknown,Laura,bottle,What does Laura believe the bottle contains?,-9.178619,1.100378,-2.539461,-0.30922362,-1.8910486,-0.019605407,-0.9809652,0.8194741,-0.053627457,-0.87729436,0
133,0,1,1,1,-1,unknown,Olivia,horn,What does Olivia believe the horn contains?,-11.461105,0.092207834,4.426031,0.6792297,1.1177112,1.4720562,1.546384,-2.6568077,2.104862,-1.2879627,0
134,1,0,2,1,-1,unknown,Cathy,vat,What does Cathy believe the vat contains?,-8.495377,4.2521896,-2.8667274,3.8389995,-4.644687,-0.201131,-1.2326387,1.9633291,-0.09355843,-0.73400635,0
135,0,0,0,0,0,espresso,Doug,jar,What does Doug believe the jar contains?,8.459356,-1.3384451,-0.22836547,0.59264237,-4.7347307,-1.3274952,1.4854629,-4.841527,5.4235997,4.7032657,1
136,1,0,2,1,-1,unknown,Sara,can,What does Sara believe the can contains?,-8.213254,-1.2735734,-2.5166283,-1.149049,-0.8158041,-1.9383396,-2.0585241,0.80212134,1.4944352,-0.2889277,0
137,1,0,2,1,-1,unknown,Jim,tank,What does Jim believe the tank contains?,-8.239428,4.203752,-3.8144255,3.3360868,-3.8857086,-1.1882638,1.2864708,2.28984,1.3461722,-0.5928853,0
138,1,0,2,1,-1,unknown,Donna,bottle,What does Donna believe the bottle contains?,-7.79143,5.0680604,-4.1020627,-2.6655755,-0.2607634,-0.34280184,-1.0817108,2.97476,-1.729998,-0.8235392,0
139,1,0,2,1,-1,unknown,Charlie,glass,What does Charlie believe the glass contains?,-10.121108,1.0806599,0.7290136,0.78188527,-2.2451587,1.2908512,-1.2671894,1.0105606,2.481699,0.0832956,0
140,0,0,0,0,0,cocktail,Carl,cup,What does Carl believe the cup contains?,9.6468935,-2.1598406,-0.36902836,-1.4139695,-5.8111906,2.6209106,-2.4614027,-2.5639763,0.7208107,-0.8793014,1
141,1,0,2,1,-1,unknown,Ian,drum,What does Ian believe the drum contains?,-7.093756,1.8865964,-4.580918,-2.3971066,-1.0757577,0.9646648,-0.94560015,1.7406559,1.5269969,0.26525477,0
142,1,1,3,0,1,stout,Bill,bottle,What does Bill believe the bottle contains?,8.061163,0.081091546,-0.18735147,4.1075625,4.131122,-7.4695034,2.189653,3.1074321,3.898999,2.3151538,1
143,0,0,0,0,0,rum,Linda,jar,What does Linda believe the jar contains?,10.093623,-1.629092,2.991828,-9.351754,-1.1026806,0.47253284,2.0126114,-4.130857,0.25438607,-1.3080254,1
144,1,1,3,0,1,espresso,Kim,flask,What does Kim believe the flask contains?,7.065723,-0.40455294,0.63785917,7.3151255,1.6909223,-1.6102508,-1.5883846,-4.0247126,2.8693018,3.5827644,1
145,1,1,3,0,1,wine,Anna,dispenser,What does Anna believe the dispenser contains?,8.2713175,8.76104,0.2799125,-2.363819,8.237751,3.8461394,-0.48108536,3.2780983,-3.2422788,-5.596039,1
146,1,0,2,1,-1,unknown,Rick,flask,What does Rick believe the flask contains?,-9.470687,0.687863,-3.2151647,-2.2537024,0.2941009,-2.5089507,1.860204,-0.7722805,2.9271872,0.75912905,0
147,0,1,1,1,-1,unknown,Mark,tote,What does Mark believe the tote contains?,-9.546815,-4.1471963,1.9229525,0.25204188,1.9041611,2.616963,4.7044,1.0947131,-0.9810079,1.5525979,0
148,0,0,0,0,0,gin,Dave,jug,What does Dave believe the jug contains?,9.943018,2.0143657,2.0106175,-7.6223764,-6.178548,-5.302388,10.857759,-1.8571588,-5.912197,-3.653089,1
149,1,0,2,1,-1,unknown,Lisa,cup,What does Lisa believe the cup contains?,-7.355757,1.4365141,-8.769814,-0.16445994,-1.2941235,-1.7244604,-4.691802,-2.344273,-3.6664739,1.2515411,0
150,0,1,1,1,-1,unknown,Bob,tun,What does Bob believe the tun contains?,-10.783452,-0.15767097,3.3003113,1.2748989,1.8905741,0.98481876,-0.12299115,-1.4827614,1.5044464,0.953853,0
151,1,1,3,0,1,sprite,Henry,pitcher,What does Henry believe the pitcher contains?,7.788382,-11.078967,-1.7590325,7.6537933,3.849776,3.5148463,7.134009,6.9192734,-2.3092873,2.35625,1
152,1,1,3,0,1,wine,Pete,mug,What does Pete believe the mug contains?,9.619614,10.673403,3.3301778,-4.7778263,7.69208,1.3689622,0.320539,4.460315,-1.3637828,-3.5183177,1
153,0,1,1,1,-1,unknown,Bob,jar,What does Bob believe the jar contains?,-10.672828,0.82150435,5.8914394,0.06439019,0.08395219,-0.36495957,2.450456,-0.6033183,-3.014793,1.192979,0
154,1,0,2,1,-1,unknown,Jim,can,What does Jim believe the can contains?,-9.685334,0.79840076,-2.2490783,-1.0833944,-1.5541235,-1.0484452,0.10342824,0.63899404,1.3420553,0.029447274,0
155,1,0,2,1,-1,unknown,Sean,dispenser,What does Sean believe the dispenser contains?,-8.803443,-2.015042,0.07120695,-1.060941,-1.4272391,-2.4675338,0.055066027,-0.16561669,2.3559747,0.960305,0
156,1,0,2,1,-1,unknown,Donna,container,What does Donna believe the container contains?,-2.0664504,-2.983709,-5.9650126,-0.60605526,2.6160202,-0.61028403,2.298887,-4.849494,-1.074399,-4.119472,0
157,0,0,0,0,0,sprite,Rachel,cup,What does Rachel believe the cup contains?,9.465891,-11.995133,-0.369342,0.6917354,-2.2611053,7.257565,3.3462303,5.4987097,-0.48420182,4.8355203,1
158,1,0,2,1,-1,unknown,Rachel,horn,What does Rachel believe the horn contains?,-9.065198,0.24573714,-2.1658921,-0.87892586,-1.8571944,-0.44716343,-2.4409924,-0.789844,0.5731819,-0.24146597,0
159,1,0,2,1,-1,unknown,Sue,glass,What does Sue believe the glass contains?,-7.6881485,-1.2272735,-4.3448033,-2.184406,-0.1024163,-2.3234572,-1.690476,0.6186136,2.1134803,0.017984267,0
160,1,0,2,1,-1,unknown,Peter,jug,What does Peter believe the jug contains?,-9.105738,1.4057386,-2.2973826,-0.016015122,-1.496521,-0.85614866,-2.681407,-1.8391591,-1.7965484,1.5774055,0
161,1,0,2,1,-1,unknown,Peter,tank,What does Peter believe the tank contains?,-6.0427685,-0.21183571,-4.127083,-1.2862529,3.1203814,0.52100515,-0.20872149,-1.0597771,-1.1734159,-0.10300353,0
162,0,0,0,0,0,stout,Neil,mug,What does Neil believe the mug contains?,8.488907,-0.77320105,-1.1047156,-3.011,-4.8988876,-4.428047,2.1240883,1.858387,5.257575,5.3144445,1
163,0,0,0,0,0,port,Sara,bottle,What does Sara believe the bottle contains?,8.753203,-1.7504716,-1.0651859,-2.5192099,-3.0112138,-2.2359235,-1.7469534,-2.911074,1.9024538,-2.8631508,1
164,0,1,1,1,-1,unknown,Heidi,pint,What does Heidi believe the pint contains?,-6.7684884,-1.5486249,-5.6693044,-0.3040618,1.4101876,2.863454,-0.38450986,0.5837391,-1.3196732,0.3717038,0
165,0,0,0,0,0,juice,Kate,tank,What does Kate believe the tank contains?,8.259392,1.761309,1.2706599,-4.162995,-2.2311242,9.602882,-0.3426057,1.2516236,4.109989,-0.80486625,1
166,0,1,1,1,-1,unknown,Beth,drum,What does Beth believe the drum contains?,-11.625526,1.1222483,4.8936357,2.1743467,-0.47263846,0.9884046,0.052898005,-0.16942868,0.17072482,-0.5125554,0
167,1,1,3,0,1,tea,Cathy,vat,What does Cathy believe the vat contains?,6.645457,1.165106,-3.9027212,2.161747,6.6868606,2.272504,-3.0877085,-3.2395363,-0.2987459,-0.09325611,1
168,0,0,0,0,0,beer,Chad,vat,What does Chad believe the vat contains?,9.59832,4.8089533,3.3373141,-2.7497,-1.4758476,0.8669554,-0.75885475,0.10744423,4.3199778,3.6605408,1
169,0,0,0,0,0,cocoa,Nick,vat,What does Nick believe the vat contains?,8.154985,-0.029516283,0.49790815,1.1967896,-5.892983,0.27603352,-5.285563,-9.014722,-5.487868,2.029032,1
170,1,0,2,1,-1,unknown,Rose,tun,What does Rose believe the tun contains?,-5.520947,-6.008761,-7.83209,1.0460683,0.76712036,2.364826,2.8404248,4.885053,-1.4151266,2.0376308,0
171,1,1,3,0,1,soda,James,flute,What does James believe the flute contains?,8.607665,-2.0452886,1.2582705,1.2600393,3.9657066,2.3560376,0.45795304,2.7494695,-1.9397823,6.6578484,1
172,1,0,2,1,-1,unknown,Sam,vat,What does Sam believe the vat contains?,-8.930225,0.76885414,-3.2338636,-0.2835112,-1.8699232,-2.1842985,-2.9121704,-0.20378853,-1.6902075,1.4143184,0
173,1,0,2,1,-1,unknown,Laura,glass,What does Laura believe the glass contains?,-9.336796,0.99545825,-3.0912793,0.83790547,-1.0272083,-0.56592625,-3.1578925,0.27572772,1.342299,2.2220366,0
174,1,1,3,0,1,beer,Kevin,horn,What does Kevin believe the horn contains?,7.9195757,3.4777772,2.594703,0.8294286,6.104124,-1.8305384,-0.52036303,1.4347057,2.1116338,2.9516864,1
175,1,0,2,1,-1,unknown,Ken,can,What does Ken believe the can contains?,-8.21821,-0.20150194,-4.9055595,-1.4417416,0.43641862,0.5177064,0.79570967,1.3531442,-0.54304206,3.6834965,0
176,0,0,0,0,0,beer,Bob,mug,What does Bob believe the mug contains?,10.149206,5.617599,1.0412412,-4.443914,-0.14220989,-0.9592607,-0.0791449,2.4519544,5.492504,5.120466,1
177,1,1,3,0,1,beer,Uma,pint,What does Uma believe the pint contains?,9.213206,4.4510174,2.344149,0.22525807,6.063534,-1.0055628,-2.7733104,1.6434186,2.2285287,1.4052633,1
178,1,1,3,0,1,float,Jane,cup,What does Jane believe the cup contains?,0.83321834,-5.4583316,-7.0334015,-0.13200837,5.21109,-1.9041107,-1.3748388,-1.8836305,1.8331116,-3.9876919,1
179,1,0,2,1,-1,unknown,Max,vat,What does Max believe the vat contains?,-7.134645,-0.4273465,-5.4350095,-1.9169855,0.1360894,-0.21940066,0.2402541,1.5210187,-0.83715147,3.683157,0
180,0,1,1,1,-1,unknown,Ivy,quart,What does Ivy believe the quart contains?,-8.475422,1.6036485,-0.2785047,-1.0441498,1.6763573,0.7924221,0.47848955,-0.9265386,-1.2360642,0.54065883,0
181,0,1,1,1,-1,unknown,Uma,container,What does Uma believe the container contains?,2.804506,-2.8237765,-7.4084897,-2.4837747,3.4432507,1.641665,5.0247717,-8.403628,3.4958048,-3.6029942,1
182,0,0,0,0,0,champagne,Josh,can,What does Josh believe the can contains?,9.987817,8.058596,-1.9762641,9.454532,-12.12749,2.382274,4.028703,2.5431936,2.7881124,-2.2967567,1
183,0,0,0,0,0,soda,Kate,horn,What does Kate believe the horn contains?,7.896062,-2.3516514,0.6032085,-2.1723256,-1.6717632,6.669497,-1.6292646,0.54709184,-1.0021921,7.2566376,1
184,1,0,2,1,-1,unknown,Doug,jug,What does Doug believe the jug contains?,-7.9822373,0.55308,-3.9858263,-0.3046689,-0.7647432,-2.294562,-0.49866456,-1.0045539,1.5080923,2.715315,0
185,0,0,0,0,0,float,Peter,pint,What does Peter believe the pint contains?,7.2394977,-6.131848,2.9227228,-3.4175227,-2.0921495,-4.266817,-1.9858333,-2.0863311,6.26577,-1.2867982,1
186,1,1,3,0,1,tea,Jane,cup,What does Jane believe the cup contains?,8.381834,2.6544068,0.31562865,1.9011472,4.6925197,1.3642445,-4.8513136,0.08417763,2.3410575,0.66230166,1
187,1,0,2,1,-1,unknown,Tim,dispenser,What does Tim believe the dispenser contains?,-9.292367,0.22114344,-2.2620776,0.5385179,-1.1700717,-1.5398126,-2.7025912,-3.2057412,-1.9138149,1.9068033,0
188,1,1,3,0,1,beer,Keith,quart,What does Keith believe the quart contains?,8.892957,3.7871215,0.40474868,0.7272537,6.442663,-2.6322634,0.21114208,1.631845,2.6882582,2.9231672,1
189,0,0,0,0,0,wine,Doug,flask,What does Doug believe the flask contains?,9.0478735,9.253786,2.7590287,-8.709483,1.3223623,4.0835323,0.8893546,3.582003,-0.08314613,-1.816098,1
190,1,0,2,1,-1,unknown,Emma,jug,What does Emma believe the jug contains?,-5.526121,3.1116598,-7.7589774,-4.3479886,-1.9797852,-3.734941,3.5446615,2.019614,-4.6939054,-1.4638023,0
191,0,1,1,1,-1,unknown,Dean,pitcher,What does Dean believe the pitcher contains?,2.5813065,-3.7812722,-8.251175,-1.614202,2.40431,5.9614983,3.449565,-1.9181458,-2.6258,3.4658322,1
192,0,1,1,1,-1,unknown,Frank,tun,What does Frank believe the tun contains?,-10.573045,0.091689005,2.721839,0.64570665,1.1858804,-0.27487743,-0.13121365,-0.76577884,-0.111160554,1.0867857,0
193,1,1,3,0,1,stout,Tim,horn,What does Tim believe the horn contains?,7.487736,-1.2908777,1.516954,3.7320685,3.2052367,-6.139741,1.2875664,0.6415366,3.8021228,2.1472578,1
194,1,1,3,0,1,float,Rose,pint,What does Rose believe the pint contains?,4.697151,-6.7649093,-1.6040119,1.2789797,5.3470325,-3.76399,-5.100031,-0.988517,4.4111905,-4.6383185,1
195,1,0,2,1,-1,unknown,Ruth,glass,What does Ruth believe the glass contains?,-9.239892,0.94731236,-3.4821045,-0.39672616,-1.2013026,-1.4989558,-1.631047,0.039853416,2.0031295,1.9686061,0
196,0,0,0,0,0,champagne,Adam,pint,What does Adam believe the pint contains?,8.942629,8.888592,0.014952733,9.662288,-11.940569,1.546637,4.3247447,3.4372234,3.7466748,-1.9268403,1
197,0,0,0,0,0,cocktail,Doug,jug,What does Doug believe the jug contains?,9.176556,-2.9411256,-1.9188681,-0.23198579,-3.7506382,3.5037258,-0.21555863,-4.029118,0.77066636,-2.5943604,1
198,0,0,0,0,0,juice,Ivy,can,What does Ivy believe the can contains?,9.41826,2.6862128,-0.9870626,-5.433051,-3.061241,7.4977913,-2.9200122,1.709445,3.2482336,-1.6345984,1
199,1,1,3,0,1,port,Luke,dispenser,What does Luke believe the dispenser contains?,4.4291162,-2.8739276,-1.8578284,2.8280644,4.203793,-6.209297,-3.3810828,-5.4995613,-1.398049,-3.6432874,1
200,1,1,3,0,1,sprite,Olivia,urn,What does Olivia believe the urn contains?,8.416549,-12.764559,-2.2620256,8.103617,4.9583564,6.264484,5.760347,5.591321,-2.7988572,2.2871509,1
201,0,1,1,1,-1,unknown,Steve,cup,What does Steve believe the cup contains?,-8.801016,-2.8015602,-0.3921119,0.19546038,-0.71200454,0.8922005,-1.5180563,-0.091231756,-0.4785608,-2.2750049,0
202,0,0,0,0,0,cocktail,Nancy,cup,What does Nancy believe the cup contains?,8.947626,-1.571539,-2.6010923,-2.1186364,-5.6335936,4.2848134,-2.5161986,-3.3388371,-1.4824142,-2.329977,1
203,0,1,1,1,-1,unknown,Rob,horn,What does Rob believe the horn contains?,-11.627632,-0.81585586,5.734595,1.6118613,0.1395842,0.46993467,-0.08066733,-3.1016421,0.07979883,-0.07738729,0
204,0,0,0,0,0,float,Max,jug,What does Max believe the jug contains?,7.532661,-7.830057,1.1102338,-2.0122619,-1.4728004,-3.9776344,-0.15090594,-0.6671064,5.962164,-1.5055379,1
205,0,0,0,0,0,monster,Tina,pint,What does Tina believe the pint contains?,7.358035,-7.0937366,2.990914,-4.4348044,-6.1931815,-1.941444,-6.601362,7.897086,-1.5402756,-4.89932,1
206,0,1,1,1,-1,unknown,Chris,container,What does Chris believe the container contains?,4.3010287,-9.083771,-0.99201,-2.205463,-5.2335954,-2.519022,-4.5620284,3.1206305,-2.4309928,-8.774374,1
207,0,1,1,1,-1,unknown,Peter,tun,What does Peter believe the tun contains?,-11.57082,1.1999359,6.7613997,3.143467,-0.438894,1.6926978,2.5115576,-1.933323,2.4441445,-1.7962705,0
208,1,1,3,0,1,punch,Scott,tank,What does Scott believe the tank contains?,8.774916,-2.040502,0.9164654,2.361569,2.1936615,-2.0375195,0.6502046,-0.14714693,-0.013009491,-2.7959065,1
209,0,1,1,1,-1,unknown,Greg,flute,What does Greg believe the flute contains?,-10.341519,1.0485792,0.4745902,1.9098638,-0.34293073,0.50785536,1.4368596,-0.33463416,0.23888499,-0.64240664,0
210,0,1,1,1,-1,unknown,John,flute,What does John believe the flute contains?,-11.0261135,-1.6697487,6.380227,1.8226366,-0.33758476,-0.15462379,0.7459961,-2.0731583,2.9830322,-1.0268917,0
211,0,1,1,1,-1,unknown,Uma,pint,What does Uma believe the pint contains?,4.5324283,-3.2156303,-7.143118,-1.0343076,2.6232965,5.918893,1.4699904,-1.9295352,-2.5070057,3.270051,1
212,0,1,1,1,-1,unknown,Keith,quart,What does Keith believe the quart contains?,8.466043,-1.8350693,-2.6514971,-9.275306,0.57038695,-1.030713,6.612546,-5.3611264,-0.7600597,-1.724137,1
213,1,0,2,1,-1,unknown,Ray,jug,What does Ray believe the jug contains?,-8.353669,-0.13850333,-4.2880054,-2.1101496,-0.09957928,-0.17231351,-0.15211551,2.3549018,-0.3954385,4.0918665,0
214,1,0,2,1,-1,unknown,Luke,tank,What does Luke believe the tank contains?,-7.391364,1.5864938,-2.9212968,-2.4223926,0.806493,-0.8991512,-2.0638657,0.14438707,-0.33313763,1.994742,0
215,0,1,1,1,-1,unknown,Sam,pitcher,What does Sam believe the pitcher contains?,-11.371147,-0.9674687,6.4226236,1.7920038,0.4873369,1.1975127,1.0086657,-1.8788617,2.4567275,-0.90867805,0
216,1,1,3,0,1,float,Ian,bottle,What does Ian believe the bottle contains?,7.6755614,-7.6974416,-1.5661217,2.8700895,5.2269473,-5.1472244,-2.3785331,-2.2967076,3.9565315,-3.5152228,1
217,1,1,3,0,1,coffee,Fred,flask,What does Fred believe the flask contains?,8.169955,1.3132677,-0.6596909,4.7836704,6.0491166,-1.7755374,-3.4067106,-0.59919745,1.9003167,2.0392966,1
218,0,0,0,0,0,monster,Nancy,flask,What does Nancy believe the flask contains?,8.266095,-7.2000484,4.116184,-4.486999,-5.585988,-0.88534653,-7.055119,7.5171723,-2.1519632,-5.1712685,1
219,1,1,3,0,1,stout,Eric,can,What does Eric believe the can contains?,8.162831,0.006669693,-2.18251,4.2492433,3.605229,-7.992687,2.964867,3.076265,4.0974126,2.1885998,1
220,0,1,1,1,-1,unknown,Eve,glass,What does Eve believe the glass contains?,-10.630311,-0.3087619,2.1192904,-1.9037644,1.8689878,2.0076287,0.27914727,-2.1518962,-0.23300363,-0.375848,0
221,1,1,3,0,1,wine,Keith,tun,What does Keith believe the tun contains?,8.35553,8.9400215,1.1178455,-3.115729,8.576508,2.2787921,1.3066665,3.5288384,-2.3532846,-3.9618704,1
222,0,1,1,1,-1,unknown,Josh,horn,What does Josh believe the horn contains?,-10.564449,-2.2130961,5.0844426,0.6855944,-0.4550948,0.79662883,-0.8432338,0.8265471,0.16105716,-2.4028141,0
223,1,0,2,1,-1,unknown,Peter,bottle,What does Peter believe the bottle contains?,-7.925285,4.8934007,-4.12781,3.9283626,-4.067103,-0.08910758,0.8512477,2.369419,1.0992265,-1.7440369,0
224,1,1,3,0,1,soda,Karen,dispenser,What does Karen believe the dispenser contains?,7.074474,-3.710763,-0.683777,3.4583416,4.8066998,3.4239397,-0.4795262,0.58239704,-3.1423984,3.5892181,1
225,0,1,1,1,-1,unknown,Rob,jar,What does Rob believe the jar contains?,-11.495633,-0.3510906,6.2175207,0.74802715,0.9629572,0.3735692,2.2163532,-2.0932922,-0.7058161,-0.5819392,0
226,0,0,0,0,0,rum,Pete,flask,What does Pete believe the flask contains?,9.318515,0.07772717,2.2131472,-10.017498,-1.2803133,-1.8037193,5.278656,-2.857494,2.2881947,-0.2984613,1
227,1,0,2,1,-1,unknown,Charlie,tote,What does Charlie believe the tote contains?,-9.158282,1.1249546,-2.4918509,-0.8442666,-0.9886832,-0.7440616,-2.0845718,0.21622466,1.3810396,1.3120047,0
228,1,1,3,0,1,soda,Keith,bottle,What does Keith believe the bottle contains?,8.248484,-3.9719992,-1.6241298,2.578725,4.9882097,2.9702594,0.3362751,0.31088212,-2.5242455,5.0979514,1
229,0,0,0,0,0,port,Dean,quart,What does Dean believe the quart contains?,6.8550153,-2.3192103,1.9398036,-2.592833,-3.2362247,-3.729466,-0.683685,-3.6353817,3.1590562,-1.8232682,1
230,0,1,1,1,-1,unknown,Doug,vat,What does Doug believe the vat contains?,-10.330876,-0.4715697,6.067238,0.019363252,-0.48664662,-0.6729608,-0.28782502,1.1589872,-1.7861092,1.1022683,0
231,0,1,1,1,-1,unknown,Lily,horn,What does Lily believe the horn contains?,-9.244071,0.27730018,-0.39506575,-0.6383079,0.014987876,0.81696993,2.0959506,-2.28341,-3.7427216,-3.3346186,0
232,0,1,1,1,-1,unknown,Sara,bottle,What does Sara believe the bottle contains?,-7.897436,0.68866444,-2.760341,0.29660174,1.9590998,-0.50162244,1.4909807,-0.38029757,1.9498891,-0.3715126,0
233,0,1,1,1,-1,unknown,Rachel,tank,What does Rachel believe the tank contains?,-9.62475,1.381889,1.8096972,3.6018472,-0.5044429,1.2433026,0.7105444,1.1821676,1.3596425,-1.3429112,0
234,1,0,2,1,-1,unknown,Jack,container,What does Jack believe the container contains?,-6.6653237,-1.4667199,-6.9585757,-0.82357234,2.9737332,2.807946,0.993751,0.29888773,-2.2847114,2.7804987,0
235,1,1,3,0,1,champagne,Anna,jug,What does Anna believe the jug contains?,9.837417,8.15973,-0.6566206,14.479042,-5.2355237,0.91135955,3.0237854,4.5224457,0.5724194,-4.5879884,1
236,1,1,3,0,1,coffee,Lily,cup,What does Lily believe the cup contains?,7.1349277,2.992237,-2.7502112,4.6076684,5.296485,0.12938303,-6.700643,-0.2720875,1.7902567,0.7050034,1
237,1,1,3,0,1,beer,Lee,pint,What does Lee believe the pint contains?,4.0201726,3.9442015,-1.5500995,1.198517,6.9310055,-1.298252,1.5628618,0.4611939,0.4543951,0.50701797,1
238,1,1,3,0,1,juice,Will,horn,What does Will believe the horn contains?,8.188638,2.350513,3.2854357,0.39052474,3.576993,6.5485387,0.6076768,2.8859966,2.9527328,-1.9664569,1
239,0,1,1,1,-1,unknown,Peter,can,What does Peter believe the can contains?,-9.5953865,-0.7843315,1.3410538,0.19561277,1.3305764,1.4339247,-0.09065815,-2.2562003,1.3379694,1.2449597,0
240,0,1,1,1,-1,unknown,Eric,flask,What does Eric believe the flask contains?,-10.839092,1.5536555,6.5652056,2.4740872,0.24071486,1.5635062,1.0869415,-0.18249509,1.2412637,-0.098098345,0
241,1,0,2,1,-1,unknown,Rick,flask,What does Rick believe the flask contains?,-8.624027,-2.069174,-1.3061706,-1.7900429,-0.688198,-2.6561594,-0.87510055,0.51640964,2.1461577,-0.46533027,0
242,1,1,3,0,1,cocktail,Jeff,urn,What does Jeff believe the urn contains?,6.9104853,-3.2550502,0.53577006,4.632154,0.15485018,-2.7057157,-0.095637806,-2.0989769,-2.5643764,-4.6362023,1
243,1,1,3,0,1,stout,Steve,mug,What does Steve believe the mug contains?,8.289496,0.70709217,-1.3088163,3.6465294,2.4292624,-7.9410443,1.2196238,3.548358,3.49769,3.4790397,1
244,1,0,2,1,-1,unknown,Julia,pitcher,What does Julia believe the pitcher contains?,-7.877266,0.059212513,-5.425397,-1.5659304,-0.9048845,0.77039874,-1.5278336,2.561152,-1.1386117,3.3217146,0
245,0,0,0,0,0,cocktail,Cathy,bottle,What does Cathy believe the bottle contains?,9.792163,-2.628016,-2.5226212,0.16175053,-3.8760924,5.0359316,-2.6314445,-4.039344,-0.18457535,-3.3996155,1
246,0,1,1,1,-1,unknown,Jim,container,What does Jim believe the container contains?,5.5944195,-2.3504517,-9.273601,1.9919446,-0.6689759,3.1928284,-1.8563969,-11.495631,-7.180105,-1.5131587,1
247,0,0,0,0,0,wine,Adam,container,What does Adam believe the container contains?,9.696727,8.960822,-1.0439124,-8.189092,1.9918861,4.762841,2.4435613,1.9485364,-0.70150185,-4.0068984,1
248,1,1,3,0,1,gin,Sarah,tank,What does Sarah believe the tank contains?,10.027478,2.0867085,0.8107636,-2.366531,-0.23043993,-5.489043,7.937266,-0.6073685,-9.516796,-5.6833563,1
249,0,0,0,0,0,coffee,David,flask,What does David believe the flask contains?,8.705409,3.0972688,0.3353802,-0.22162189,-1.4701324,1.0889615,-3.45657,-0.5928997,4.387395,3.4623299,1
250,1,0,2,1,-1,unknown,Mike,urn,What does Mike believe the urn contains?,-7.327103,2.6218095,-6.516833,-1.778013,-0.94910955,-3.7757268,1.0592932,-0.12432213,2.3573182,0.42660084,0
251,0,1,1,1,-1,unknown,Eve,container,What does Eve believe the container contains?,5.742088,-0.36107853,-6.635434,-1.7193506,0.8145451,10.160528,1.4480039,-2.4332826,2.8468137,-4.7458754,1
252,1,0,2,1,-1,unknown,Dave,glass,What does Dave believe the glass contains?,-8.963357,0.23950402,-4.2697535,-1.8983583,-0.6345433,0.097069174,0.4916912,1.8538738,-0.6779576,3.7900405,0
253,0,0,0,0,0,cocoa,Wayne,drum,What does Wayne believe the drum contains?,7.3356223,1.2379818,-0.0727357,1.3158946,-5.848366,0.3526741,-4.493978,-9.304941,-7.7341895,1.1838316,1
254,1,0,2,1,-1,unknown,John,horn,What does John believe the horn contains?,-7.5932035,-2.4563985,-1.946492,-2.2046993,-2.6561084,-2.884808,-3.9213073,4.600985,-0.8825109,-2.3833363,0
255,1,0,2,1,-1,unknown,Olivia,container,What does Olivia believe the container contains?,-7.0158257,0.65771157,-6.3624606,1.1655189,0.86988854,0.57163626,-2.9944515,-5.3376956,-4.1706457,-0.6970726,0
256,1,0,2,1,-1,unknown,Eve,container,What does Eve believe the container contains?,-1.0570647,-0.19620243,-8.458113,-0.2981098,4.1684885,6.8335986,0.709568,-0.2616856,-1.2550722,-0.6570604,0
257,0,1,1,1,-1,unknown,Neil,flask,What does Neil believe the flask contains?,-10.680899,1.6211493,4.7554293,3.9353113,-1.3303226,3.1737976,2.107736,-0.3212122,1.613613,-1.4995832,0
258,1,0,2,1,-1,unknown,Alice,mug,What does Alice believe the mug contains?,-9.526762,1.8348013,-2.627352,0.571104,-0.65961695,-1.148945,-2.6058183,0.37390786,1.722049,2.1977484,0
259,0,0,0,0,0,tea,Matt,tote,What does Matt believe the tote contains?,8.5973625,-1.3356467,-0.43831816,-4.18146,-1.9467229,2.1245522,-3.6536677,-2.011957,2.5376906,1.2014037,1
260,0,0,0,0,0,champagne,Gary,tote,What does Gary believe the tote contains?,9.385341,6.81901,-1.3531637,8.351078,-13.012429,2.3833869,5.1858206,1.5806327,1.2169955,-3.3979163,1
261,0,1,1,1,-1,unknown,Diane,drum,What does Diane believe the drum contains?,-9.112146,1.0552766,0.047917858,0.03982601,0.9775934,-0.90547824,1.4109435,0.6630993,-1.185197,-0.6491976,0
262,1,1,3,0,1,bourbon,Charlie,dispenser,What does Charlie believe the dispenser contains?,7.9758377,3.139515,5.230942,3.4707441,-0.08730417,-5.5189095,0.084046416,0.76917636,-7.1582313,4.9783525,1
263,0,0,0,0,0,cocoa,Jack,horn,What does Jack believe the horn contains?,8.0687685,0.22746381,0.5698007,1.0542562,-6.383369,1.130216,-6.176341,-9.195408,-5.415227,2.644818,1
264,0,1,1,1,-1,unknown,Jeff,urn,What does Jeff believe the urn contains?,-11.566328,0.5542605,5.78936,3.4776556,-0.1361886,1.9915375,1.1280253,-1.875213,1.425041,-0.54135746,0
265,0,1,1,1,-1,unknown,Ben,horn,What does Ben believe the horn contains?,-10.937164,-1.1350993,3.0412796,0.8587821,0.55392486,2.1541889,1.3648511,-0.8972075,-0.43898803,1.6209044,0
266,0,0,0,0,0,cocoa,Hans,glass,What does Hans believe the glass contains?,8.215661,1.3466102,-0.72848403,1.6500235,-7.1146493,0.47201473,-5.8637505,-7.848054,-4.787605,3.1941063,1
267,0,1,1,1,-1,unknown,Lee,tote,What does Lee believe the tote contains?,-11.357849,1.1182872,6.7734365,-0.0044397423,1.8172922,3.1544416,0.9806578,-1.4558538,0.3313223,-1.1479117,0
268,1,1,3,0,1,sprite,Greg,jug,What does Greg believe the jug contains?,8.870257,-11.978522,-2.2551928,6.2530117,4.5162206,1.9435896,7.403489,5.9284544,-1.8021135,2.570709,1
269,1,0,2,1,-1,unknown,Ryan,jar,What does Ryan believe the jar contains?,-7.2605233,0.5069719,-7.9271345,-2.8357382,-1.9296162,-3.2372334,-2.0044892,3.5572338,0.7894412,-0.39202362,0
270,1,1,3,0,1,rum,Bill,cup,What does Bill believe the cup contains?,6.5496936,0.25646368,-3.571225,-4.860116,6.552642,-3.4856935,4.197044,-1.9633645,-1.9986686,-1.0106071,1
271,1,1,3,0,1,soda,Fred,glass,What does Fred believe the glass contains?,8.589601,-2.8705492,-1.2607648,1.2280127,5.0547476,0.929879,-0.62763137,2.2379797,-2.5381327,6.611022,1
272,0,1,1,1,-1,unknown,Joe,cup,What does Joe believe the cup contains?,-3.1832159,-1.5536323,-8.018738,-1.2059848,0.8557162,2.292377,1.6047593,-2.5911431,-0.40498737,-2.4745126,0
273,1,0,2,1,-1,unknown,Alice,mug,What does Alice believe the mug contains?,-7.6297345,-1.7665682,-1.8221201,-1.5730046,-1.7502795,-2.8614564,-3.524953,4.804197,-0.8027724,-1.547865,0
274,1,0,2,1,-1,unknown,Ellen,horn,What does Ellen believe the horn contains?,-8.837175,4.5424395,-4.937893,3.3333364,-4.4843497,-0.2466342,-1.1623073,2.7101028,-0.10698203,-0.6489406,0
275,0,0,0,0,0,monster,Anna,vat,What does Anna believe the vat contains?,6.6157136,-7.144781,5.296495,-4.134672,-6.1289797,-2.0700748,-7.4118676,6.6400013,-1.4161488,-7.04413,1
276,0,0,0,0,0,monster,Rachel,pint,What does Rachel believe the pint contains?,8.0785265,-8.773369,4.1796026,-3.9015484,-4.421167,0.1988226,-6.414898,6.9267807,-1.4949135,-5.4310207,1
277,1,1,3,0,1,float,Rob,pitcher,What does Rob believe the pitcher contains?,3.9313269,-7.246317,-2.6590948,1.7452786,5.9537144,-4.9200053,-1.8555638,-1.0402362,3.919511,-3.6667144,1
278,1,1,3,0,1,port,Keith,dispenser,What does Keith believe the dispenser contains?,5.700185,-4.144508,-0.08355743,1.3617821,3.3401258,-7.388739,-1.15974,-3.9772823,1.7564846,-4.254305,1
279,1,0,2,1,-1,unknown,Peter,pint,What does Peter believe the pint contains?,-8.931492,0.5432815,-4.6528344,-0.011172905,-0.478095,-2.309148,-1.0263174,-0.19795279,2.376364,2.5459256,0
280,0,1,1,1,-1,unknown,Sam,drum,What does Sam believe the drum contains?,-11.131003,2.492851,5.769135,-0.31075436,1.8425722,1.5102972,0.7124414,-0.49910012,-0.5639497,-1.3996538,0
281,0,0,0,0,0,punch,Gary,container,What does Gary believe the container contains?,8.709089,-2.899217,-2.8139546,-2.211029,-2.8935573,3.3222666,2.4359975,-3.4724538,0.8472133,-2.8560662,1
282,1,1,3,0,1,cocoa,Laura,jug,What does Laura believe the jug contains?,10.626731,-0.8268982,-0.44223875,6.828453,1.0503768,-0.47457993,-8.011424,-8.081495,-7.62524,0.85013086,1
283,1,0,2,1,-1,unknown,Ian,jug,What does Ian believe the jug contains?,-9.154287,-2.7563858,2.1600273,-0.8650582,-1.6969088,-1.7562542,-2.633645,3.4293227,0.087781005,-1.9169122,0
284,1,1,3,0,1,champagne,Rachel,jug,What does Rachel believe the jug contains?,8.849287,6.96665,0.47255757,14.547907,-4.9092054,2.5123253,1.4339769,3.029723,-0.03234253,-4.175548,1
285,1,1,3,0,1,bourbon,Mike,tank,What does Mike believe the tank contains?,9.484938,2.9459717,7.2255187,3.6368008,0.99345714,-6.160137,1.3115152,1.428391,-8.003204,6.777546,1
286,1,0,2,1,-1,unknown,Jack,jug,What does Jack believe the jug contains?,-8.300314,2.713049,-4.31949,-2.6945117,-2.32488,-3.7421007,2.6416252,1.993573,-2.7172263,0.22460727,0
287,1,1,3,0,1,sprite,Luke,jug,What does Luke believe the jug contains?,8.7034445,-12.286162,-0.10018315,7.360688,4.127366,4.547418,5.7679,4.7825837,-1.4470015,2.8610802,1
288,1,1,3,0,1,port,Uma,flask,What does Uma believe the flask contains?,8.921313,-1.7902745,1.7150235,2.6568875,2.8689358,-4.298862,-2.4017954,-2.1621742,0.36923274,-4.2208548,1
289,0,1,1,1,-1,unknown,Kim,flask,What does Kim believe the flask contains?,-10.87675,-0.45844638,4.913248,-1.4825364,1.5374047,1.3855242,0.89616776,-1.6522171,-0.36994496,0.53669643,0
290,1,1,3,0,1,bourbon,Sue,dispenser,What does Sue believe the dispenser contains?,8.311207,1.6043458,4.1285,2.0926812,1.195983,-3.2561328,0.22429977,0.26789254,-8.6341505,5.6585164,1
291,0,0,0,0,0,wine,Rachel,tote,What does Rachel believe the tote contains?,8.986203,6.895349,3.820834,-8.150042,1.4269501,5.549212,-1.4651301,1.1644268,-1.3236634,-3.3592694,1
292,0,0,0,0,0,porter,Lee,tun,What does Lee believe the tun contains?,6.796735,-4.93571,-0.31451532,1.5847666,-4.501707,-2.272915,3.1031916,-4.8991604,4.477641,-1.5115029,1
293,1,0,2,1,-1,unknown,Eve,pitcher,What does Eve believe the pitcher contains?,-7.4101524,1.5253016,-6.0717177,-1.3525494,-0.7906073,-2.7853334,-0.45167813,3.5124362,0.7488317,2.135816,0
294,0,0,0,0,0,stout,Jane,pint,What does Jane believe the pint contains?,8.452011,-0.27402014,0.07395069,-1.098638,-4.493844,-2.8341475,0.78924954,2.019809,5.0401006,4.453523,1
295,0,1,1,1,-1,unknown,Fred,pitcher,What does Fred believe the pitcher contains?,-9.82307,-0.27917024,3.876573,0.54512954,1.0209628,2.8334606,0.8322071,-0.60676986,1.5295156,0.4287348,0
296,1,0,2,1,-1,unknown,Ryan,pitcher,What does Ryan believe the pitcher contains?,-8.684139,0.91451967,-3.647494,-3.0111427,-0.073819675,-1.7663497,-1.7520145,1.4928944,-0.5804476,2.5019581,0
297,0,1,1,1,-1,unknown,Scott,tank,What does Scott believe the tank contains?,-10.21371,-6.0840096,6.0808554,2.566042,1.1221575,3.5211587,2.8116684,2.0092425,-1.1603221,-0.86390734,0
298,1,0,2,1,-1,unknown,Megan,glass,What does Megan believe the glass contains?,-9.303068,0.8355611,-2.3259377,0.18432742,-0.41583237,3.8297124,-1.1826783,-0.09518811,0.41736344,-0.1585966,0
299,0,0,0,0,0,port,Beth,pint,What does Beth believe the pint contains?,7.8627424,-2.4113805,2.8444152,-2.284866,-2.9016027,-2.2669551,-2.4865794,-3.6286886,3.4365504,-1.3205318,1
300,0,1,1,1,-1,unknown,Rob,tun,What does Rob believe the tun contains?,-11.076051,-1.2902089,8.035128,2.3161626,-1.353104,1.2925535,-0.07438789,0.81912214,0.34505656,-3.3038616,0
301,0,0,0,0,0,sprite,Ken,pitcher,What does Ken believe the pitcher contains?,9.964705,-11.221172,-2.1399963,0.8624988,-2.398943,5.3367,6.6701612,6.2242446,-0.24174623,6.1667104,1
302,1,0,2,1,-1,unknown,Jean,bottle,What does Jean believe the bottle contains?,-7.0164537,3.2732208,-5.26346,-2.619897,-2.840904,-3.2570612,2.6414165,2.2389655,-3.4675233,-1.6193292,0
303,0,1,1,1,-1,unknown,Oscar,bottle,What does Oscar believe the bottle contains?,-9.047222,0.19548042,0.8097642,-1.2229364,1.8259574,0.5116114,0.67988104,-1.3290935,0.5477235,0.79698443,0
304,0,1,1,1,-1,unknown,John,vat,What does John believe the vat contains?,-10.880479,-0.9649139,6.217455,-0.87988234,1.112373,0.73932856,2.0023777,-2.3322172,0.68959075,-0.6208735,0
305,0,1,1,1,-1,unknown,Peter,container,What does Peter believe the container contains?,4.7252417,-4.9250116,-9.383669,-0.3678156,2.2801242,7.0342703,4.851364,-1.1479921,-2.966475,2.8535533,1
306,1,0,2,1,-1,unknown,Eric,quart,What does Eric believe the quart contains?,-10.6479,-0.23896706,2.482082,0.10962305,-2.0299373,-1.448326,-0.40128407,-0.722681,1.8211571,0.7471828,0
307,1,0,2,1,-1,unknown,Chris,tote,What does Chris believe the tote contains?,-8.790511,-2.2194219,0.016993536,-0.714634,-3.4062355,-2.7354512,-4.033221,3.3545046,-0.20498373,-1.6911768,0
308,0,0,0,0,0,monster,Mark,cup,What does Mark believe the cup contains?,9.661811,-7.4902077,1.9461282,-4.7981915,-4.7415304,-2.872105,-4.2552295,8.414646,0.23106702,-3.0975823,1
309,1,0,2,1,-1,unknown,Sarah,urn,What does Sarah believe the urn contains?,-5.3327003,2.488664,-8.269507,-3.4686584,0.25717506,-3.3531241,1.0643265,-0.5943627,2.9661403,0.9896765,0
310,1,1,3,0,1,monster,Tina,urn,What does Tina believe the urn contains?,7.9451756,-8.367465,1.6860986,0.5304852,0.8938816,-4.542171,-7.2589893,8.025656,-2.869491,-6.8936057,1
311,0,1,1,1,-1,unknown,Mark,urn,What does Mark believe the urn contains?,-11.383848,-0.6332933,5.9464083,-1.4780934,1.7791569,0.6415527,2.971732,-2.9412313,1.3089812,-0.19201706,0
312,1,1,3,0,1,milk,Dean,drum,What does Dean believe the drum contains?,10.650685,1.6486826,3.9882553,-2.1401658,3.9161112,-3.6744213,-4.3566628,2.105795,-1.0829438,2.3236952,1
313,0,1,1,1,-1,unknown,Laura,cup,What does Laura believe the cup contains?,-7.8876605,-3.7493508,-3.3763742,2.048884,1.6274935,3.959791,1.3950944,1.911047,-1.6187617,0.71174616,0
314,1,1,3,0,1,punch,Tom,tun,What does Tom believe the tun contains?,6.629137,-2.5160806,1.1531769,1.7336012,3.2336545,-1.6321888,-0.63886654,-1.8573364,0.33329165,-3.005599,1
315,0,0,0,0,0,stout,Paul,tank,What does Paul believe the tank contains?,7.417519,-2.6631389,2.3607407,-1.4141103,-3.1873515,-1.5246838,2.170377,-0.33543488,4.8565717,4.0245857,1
316,0,1,1,1,-1,unknown,Fred,flute,What does Fred believe the flute contains?,-10.09435,1.2795755,2.7206788,-0.484399,1.2988343,1.1880739,1.0200789,0.9011219,0.19318166,0.08884171,0
317,0,0,0,0,0,bourbon,Nancy,tank,What does Nancy believe the tank contains?,9.300458,0.7212301,7.205418,-1.5469131,-4.9963317,0.47881603,0.4438819,-1.7815514,-7.7221146,6.0185766,1
318,0,1,1,1,-1,unknown,Zoe,can,What does Zoe believe the can contains?,-11.477896,0.2460042,6.2563486,1.4545101,1.4841895,1.727832,-0.81893265,-1.5101224,1.3870395,1.014398,0
319,0,0,0,0,0,coffee,Rob,jar,What does Rob believe the jar contains?,8.736471,1.4815065,0.72998893,-1.4365222,-1.1929559,1.2250215,-3.6684673,-1.2182764,4.269843,3.2903147,1
320,1,0,2,1,-1,unknown,Sam,cup,What does Sam believe the cup contains?,-9.260062,0.74002635,-2.93034,-1.9475235,-0.77355367,-1.2901142,-1.958467,1.6218988,-0.29521334,2.6866708,0
321,0,1,1,1,-1,unknown,Helen,flute,What does Helen believe the flute contains?,-10.570026,-0.38688108,5.050897,-1.7177588,1.2350786,1.1013669,1.0591974,-0.73689586,-0.57640284,-1.7782607,0
322,0,1,1,1,-1,unknown,Max,bottle,What does Max believe the bottle contains?,-5.0733676,-2.5206501,-3.9979289,-3.9948235,4.0483913,1.4770168,4.9088874,-2.601203,-1.7390214,-0.19474092,0
323,1,1,3,0,1,juice,Liz,tank,What does Liz believe the tank contains?,9.044703,0.7886428,2.4598885,0.36016405,4.024101,8.568561,-1.1196408,0.23725829,1.6487767,-3.0551047,1
324,1,1,3,0,1,champagne,Kim,horn,What does Kim believe the horn contains?,5.7474866,8.182809,0.3973324,13.295947,-5.606402,0.036799382,1.7085018,3.4858913,-0.5048565,-4.1438293,1
325,0,0,0,0,0,bourbon,Fiona,horn,What does Fiona believe the horn contains?,8.667111,1.8731956,6.1039753,-1.9287934,-5.981492,-2.0765288,0.26809987,0.08882145,-6.841979,7.540551,1
326,1,1,3,0,1,bourbon,Alex,urn,What does Alex believe the urn contains?,9.331771,2.5233283,5.195836,3.1814046,0.7199236,-6.159623,2.235434,0.112708196,-6.466447,5.634292,1
327,0,1,1,1,-1,unknown,Uma,horn,What does Uma believe the horn contains?,-10.968777,1.4127816,3.0968423,-0.78793156,0.28649476,0.17828971,3.3598607,-0.497553,-3.0052226,-2.328072,0
328,0,0,0,0,0,tea,Lisa,urn,What does Lisa believe the urn contains?,6.8997693,-0.5559633,-0.93800807,-0.7921518,1.2638539,6.705703,-1.7425265,-5.0288334,1.8077561,0.4272772,1
329,0,0,0,0,0,milk,Gwen,tote,What does Gwen believe the tote contains?,7.924104,0.6910711,4.2444425,-5.2790194,-2.3267083,2.6642675,-5.2290277,-1.3697298,-1.3590488,1.2231325,1
330,0,0,0,0,0,water,Jack,pint,What does Jack believe the pint contains?,6.51495,2.3627162,2.3207328,-4.4829416,-1.6352639,1.0645751,-1.3844575,2.593527,3.4354093,3.6932752,1
331,0,1,1,1,-1,unknown,Will,bottle,What does Will believe the bottle contains?,-9.667383,-1.9027406,2.0270672,0.7378135,-0.18929258,-0.56168085,0.6153819,-1.9717079,2.1986077,-1.4866775,0
332,1,1,3,0,1,cocoa,Eve,flask,What does Eve believe the flask contains?,8.481186,0.55342424,-0.13518418,6.7818975,2.5108325,0.5309448,-8.259633,-8.112302,-6.941041,0.2793835,1
333,1,1,3,0,1,beer,Wayne,dispenser,What does Wayne believe the dispenser contains?,8.2196455,4.035145,3.7464898,0.72390574,6.3330455,-2.300574,0.37597463,1.6754476,1.0757779,1.1333529,1
334,0,0,0,0,0,milk,Tony,pint,What does Tony believe the pint contains?,7.8072243,0.85892856,4.141793,-5.9028673,-1.4194999,1.3979306,-4.441988,0.7726746,0.3509132,4.0303736,1
335,1,0,2,1,-1,unknown,Oscar,tank,What does Oscar believe the tank contains?,-8.605929,0.4121753,-1.3786589,-0.28501433,-0.29161793,-1.1523379,-0.70063645,-0.9173283,1.5627495,0.35423425,0
336,1,1,3,0,1,wine,Scott,horn,What does Scott believe the horn contains?,7.211462,8.896077,2.0526314,-3.033575,8.593856,0.83655965,1.133899,4.289091,-2.0848033,-4.442403,1
337,1,0,2,1,-1,unknown,Joe,dispenser,What does Joe believe the dispenser contains?,-6.839886,1.2110982,-6.017651,0.13948113,-0.7977696,-0.30455175,-3.3768697,-3.3016033,-3.0840595,0.8226295,0
338,0,0,0,0,0,juice,Rachel,tank,What does Rachel believe the tank contains?,8.389257,0.40641826,3.4652314,-3.2093613,-1.6993188,10.997627,-0.7677213,0.8796311,3.8299105,-0.8883993,1
339,0,0,0,0,0,espresso,Frank,cup,What does Frank believe the cup contains?,8.9258795,0.38057673,0.44275674,0.5040752,-3.5847342,-1.6138725,0.6905025,-2.23632,7.359424,6.697769,1
340,1,0,2,1,-1,unknown,Fiona,jar,What does Fiona believe the jar contains?,-6.9093986,-2.6121414,-2.9152992,-2.5728402,-2.210858,-3.3455763,-5.057771,4.3738585,-1.4818974,-3.5238118,0
341,0,0,0,0,0,ale,Susan,tote,What does Susan believe the tote contains?,7.704289,-3.13709,1.4074848,-4.8501177,-0.6423532,0.7075334,4.779539,-6.615356,5.5996537,-0.19712816,1
342,1,1,3,0,1,monster,Eve,jar,What does Eve believe the jar contains?,1.8345811,-5.5423155,-5.284008,-0.49485794,2.2936523,-1.950651,-5.0152254,6.1757026,-3.0272067,-5.5396085,1
343,0,0,0,0,0,beer,Jake,tun,What does Jake believe the tun contains?,7.5514,2.8809767,-1.1139394,-3.9291468,0.44809365,0.731435,-0.42380393,0.80965203,3.335305,2.307098,1
344,1,0,2,1,-1,unknown,Susan,vat,What does Susan believe the vat contains?,-8.025465,-0.411394,-4.04424,-0.45884037,-1.9307982,0.026581122,-1.4741426,-0.5655762,-1.2223524,-0.4182152,0
345,0,1,1,1,-1,unknown,Peter,drum,What does Peter believe the drum contains?,-11.467153,1.1258674,7.151516,0.18822074,0.8222649,1.2214178,0.8939614,-0.883966,1.0669634,-1.4879898,0
346,1,1,3,0,1,punch,Diane,cup,What does Diane believe the cup contains?,6.9727,-0.35586017,-3.7171662,1.3341242,3.1351438,0.1355584,-1.8048316,0.25108644,-1.2832566,-3.029229,1
347,0,1,1,1,-1,unknown,Eve,jar,What does Eve believe the jar contains?,-10.753479,0.082848765,5.573193,1.1337923,0.4760921,4.2185698,-0.05289393,-1.516271,1.3969928,-1.7467214,0
348,0,0,0,0,0,beer,Ruth,pint,What does Ruth believe the pint contains?,9.488884,4.8089013,1.5870726,-5.136174,-0.43591064,0.30081272,-2.0532806,2.7127542,4.6880827,3.4047775,1
349,0,1,1,1,-1,unknown,David,dispenser,What does David believe the dispenser contains?,-10.382009,0.19888642,3.9381716,-1.5394104,-0.025088636,-0.4512803,2.9462605,-1.4775064,-3.080778,-0.767053,0
350,0,0,0,0,0,champagne,Helen,cup,What does Helen believe the cup contains?,9.497998,9.063751,-1.513675,9.232529,-12.588237,2.6901593,1.883892,3.3407338,2.5009594,-2.414021,1
351,0,1,1,1,-1,unknown,Jane,mug,What does Jane believe the mug contains?,-10.274514,0.5649681,3.304304,0.11533129,0.7218598,3.6149235,0.6120461,-0.38526848,0.85903263,-1.118528,0
352,0,1,1,1,-1,unknown,Jim,horn,What does Jim believe the horn contains?,-10.690903,-1.1073805,3.5481236,1.7035648,0.2166368,0.5797478,1.078713,-1.7267175,1.9897183,0.2778165,0
353,1,1,3,0,1,champagne,Ellen,bottle,What does Ellen believe the bottle contains?,5.7216907,6.14394,-7.8698897,11.851545,-1.6484804,2.5399387,1.860175,2.8917644,-0.87673885,-4.0973167,1
354,1,1,3,0,1,wine,Charlie,urn,What does Charlie believe the urn contains?,9.377879,8.476865,2.2153363,-1.343229,7.527892,3.2657247,0.40674046,3.1300333,-2.5580637,-4.1749926,1
355,1,0,2,1,-1,unknown,Tom,drum,What does Tom believe the drum contains?,-10.377725,0.47075862,-0.11922881,-1.1068306,-1.1930971,-1.4314,-2.09699,0.3746277,1.5405384,1.2769954,0
356,0,1,1,1,-1,unknown,Ben,can,What does Ben believe the can contains?,-9.687627,-0.795097,0.25526428,0.1730896,0.8803919,1.1521387,1.8410238,0.6501113,-0.19173944,1.2953957,0
357,1,1,3,0,1,rum,Wayne,mug,What does Wayne believe the mug contains?,10.505878,0.60790724,2.5725553,-6.2437778,3.4686587,-5.2653427,4.879004,-0.621813,-0.60568833,-0.80685127,1
358,1,1,3,0,1,juice,Gwen,flute,What does Gwen believe the flute contains?,8.487618,2.3837368,1.8379834,0.4405301,2.6014085,8.901329,-0.20972328,2.7816467,2.1126773,-3.4161618,1
359,1,0,2,1,-1,unknown,Keith,tun,What does Keith believe the tun contains?,-8.0769,-0.11852027,-4.1084633,-1.3902436,0.9764372,-0.23405628,-0.4214586,0.669145,-0.06322851,1.9887832,0
360,1,1,3,0,1,rum,Sara,horn,What does Sara believe the horn contains?,8.394274,-1.1323031,-0.37462428,-3.840588,5.679568,-1.8414177,3.763899,-2.8494887,-1.1140566,-1.6666719,1
361,0,1,1,1,-1,unknown,Chad,bottle,What does Chad believe the bottle contains?,-9.224078,-1.1085205,2.2313886,0.37688264,-1.0334811,-0.26277113,-0.85881346,0.5801314,0.83467793,-2.4071066,0
362,0,0,0,0,0,gin,Gary,can,What does Gary believe the can contains?,9.806301,1.8238212,1.067032,-7.7041116,-7.2537403,-4.6719656,11.328247,-1.182531,-7.0393863,-3.5097182,1
363,0,1,1,1,-1,unknown,Gary,tun,What does Gary believe the tun contains?,-11.051276,-3.3519971,5.432672,0.27466184,0.7947241,2.2759936,3.580816,-0.109491274,-0.27570793,-0.03142476,0
364,1,0,2,1,-1,unknown,Chris,container,What does Chris believe the container contains?,-4.7204914,-2.969743,-3.2260056,2.0627697,4.394576,0.6650556,-1.4850268,-3.6215215,1.0967911,-1.1762704,0
365,1,1,3,0,1,float,Emma,horn,What does Emma believe the horn contains?,3.699727,-5.794748,-0.24023543,4.735396,2.9474766,-4.0179286,-4.3276,-0.4171895,3.6290538,-6.686872,1
366,1,0,2,1,-1,unknown,Scott,tun,What does Scott believe the tun contains?,-9.899119,-1.1350651,-2.3547626,-1.27464,0.35537684,0.89488846,1.5689899,0.56706524,-0.66313297,3.2555995,0
367,1,0,2,1,-1,unknown,Olivia,pitcher,What does Olivia believe the pitcher contains?,-7.105888,5.207693,-6.4003663,3.6636121,-4.553987,-0.17110926,-0.0049007223,2.9929285,0.5575093,-1.2417035,0
368,0,0,0,0,0,cocktail,James,can,What does James believe the can contains?,8.701861,-2.6217608,-0.6312744,-1.0401615,-5.6350822,2.9152374,-0.63439214,-3.1494431,0.40035778,-2.8542786,1
369,0,1,1,1,-1,unknown,Dan,jar,What does Dan believe the jar contains?,-10.741612,-1.0952396,4.3835745,1.9052793,0.055068623,0.9006267,-0.91786855,-4.628196,-0.208709,-0.48488098,0
370,0,1,1,1,-1,unknown,Julia,tun,What does Julia believe the tun contains?,-10.457994,-5.3480887,4.3355446,2.9001005,1.9731696,3.9697473,3.1046069,1.5094767,-0.5455072,0.17506967,0
371,1,1,3,0,1,tea,Linda,tun,What does Linda believe the tun contains?,7.1073403,1.2065383,2.48382,2.4820237,5.7344666,2.9791226,-4.639653,-2.3400517,2.2517478,0.8321715,1
372,0,1,1,1,-1,unknown,Bill,vat,What does Bill believe the vat contains?,-8.47103,-1.1654797,2.31547,1.1718032,0.64189845,-0.17658456,0.88816786,-2.340567,2.133697,-0.009476972,0
373,1,0,2,1,-1,unknown,Fred,tote,What does Fred believe the tote contains?,-6.6623573,3.10416,-5.306125,-2.777299,-0.10475576,-2.7474139,-1.4352696,2.0996125,0.5564316,2.3939404,0
374,1,1,3,0,1,ale,Rob,drum,What does Rob believe the drum contains?,7.78374,-0.15654138,0.36093727,-0.45071882,5.6895027,-5.7675114,5.8101506,-4.9691296,6.637862,-1.7431219,1
375,0,0,0,0,0,beer,Steve,glass,What does Steve believe the glass contains?,9.78437,4.6658545,0.53634334,-4.244971,-0.16590954,-0.657007,0.8884083,2.1616216,5.177434,5.7091765,1
376,0,1,1,1,-1,unknown,Tina,urn,What does Tina believe the urn contains?,-11.812301,-0.48923963,6.3944674,1.3588905,0.43366274,0.88993144,0.2465745,-2.128051,1.3917685,-1.6473136,0
377,0,0,0,0,0,espresso,Josh,glass,What does Josh believe the glass contains?,9.114266,0.37728807,0.0455351,1.1042523,-4.9939547,-0.65805405,1.0789505,-3.6607485,6.8024945,5.9403276,1
378,1,1,3,0,1,monster,John,urn,What does John believe the urn contains?,8.278583,-8.974196,2.1040545,0.42472965,1.1017371,-6.486728,-4.138494,8.477538,-1.7015146,-5.880963,1
379,1,0,2,1,-1,unknown,Ellen,urn,What does Ellen believe the urn contains?,-7.064582,5.42628,-6.0552745,4.1260505,-4.4393086,-0.6580248,-0.61789906,3.1683986,0.046495274,-2.0529318,0
380,0,0,0,0,0,stout,Alex,jar,What does Alex believe the jar contains?,7.7874727,-2.7464747,-0.27109593,-1.7459639,-3.065162,-2.491002,1.5314316,-0.7337159,5.767512,2.5014641,1
381,1,1,3,0,1,bourbon,Mike,pitcher,What does Mike believe the pitcher contains?,8.715197,2.963461,5.606908,3.2035365,1.0784953,-6.3507667,1.3498162,1.4459394,-8.22601,6.573727,1
382,1,1,3,0,1,stout,Julia,pitcher,What does Julia believe the pitcher contains?,6.70321,0.3998565,-0.84698075,4.3008103,3.2397752,-5.6240497,-1.0824956,2.6773698,2.5851598,1.9392169,1
383,1,1,3,0,1,port,Quinn,jug,What does Quinn believe the jug contains?,7.540613,-1.6988603,2.6271746,3.395671,3.124455,-5.6613765,-1.1183168,-2.214543,0.58886015,-4.0618744,1
384,0,0,0,0,0,gin,Dean,jug,What does Dean believe the jug contains?,10.103383,2.208936,2.0977774,-7.2982035,-6.9076853,-5.50022,10.356522,-1.0079217,-6.075139,-3.631808,1
385,1,0,2,1,-1,unknown,Fred,pitcher,What does Fred believe the pitcher contains?,-3.183434,4.0206256,-6.800203,6.769274,0.35841134,2.0582912,1.2138199,0.8207609,0.41053298,-1.5694053,0
386,1,1,3,0,1,champagne,Ken,vat,What does Ken believe the vat contains?,8.418682,6.6241074,-1.416282,13.828422,-3.97436,-0.15139572,3.1836786,2.318051,0.30155832,-3.1049113,1
387,0,1,1,1,-1,unknown,Heidi,container,What does Heidi believe the container contains?,4.7934246,-2.2347715,-9.295491,3.1739361,-1.9625728,3.3667338,-5.050796,-10.764697,-6.9295855,-3.2203486,1
388,0,1,1,1,-1,unknown,Rob,flute,What does Rob believe the flute contains?,-10.068909,2.2968595,1.6643307,1.5564444,1.1323605,0.34063098,1.012669,0.71813315,1.0803841,0.473271,0
389,1,0,2,1,-1,unknown,Tom,quart,What does Tom believe the quart contains?,-9.401438,-2.459281,0.73296875,-1.7082179,-1.8225995,-2.5921516,-2.4227176,3.749342,0.09230329,-1.2233535,0
390,0,0,0,0,0,sprite,Max,tun,What does Max believe the tun contains?,6.5457153,-12.57663,-0.93587583,1.7513953,-1.9682055,5.401019,6.764614,3.9911904,-1.2980138,4.3211527,1
391,0,1,1,1,-1,unknown,Ray,pitcher,What does Ray believe the pitcher contains?,-11.553659,0.23500744,5.0436993,4.212227,-0.06288682,1.9141997,-0.5635988,-3.3276708,-1.0570763,-0.8599496,0
392,1,1,3,0,1,bourbon,Ray,jug,What does Ray believe the jug contains?,9.287734,2.188577,7.0821214,2.7142572,1.4339018,-5.516332,2.9105692,1.4763834,-7.4640226,6.64486,1
393,0,0,0,0,0,sprite,Dan,tun,What does Dan believe the tun contains?,8.777744,-12.0934925,-1.2780117,1.000226,-1.823993,5.871021,6.452614,4.205636,-0.76704776,4.2482815,1
394,0,1,1,1,-1,unknown,Steve,flask,What does Steve believe the flask contains?,-10.899991,0.22447014,3.8815126,-0.6581674,0.48809686,-0.15305364,2.3507874,-1.0234894,-1.7385706,0.06779789,0
395,0,0,0,0,0,sprite,Gary,urn,What does Gary believe the urn contains?,9.471761,-12.489636,0.44598314,1.6327443,-3.1597552,6.47956,6.828642,4.396596,-1.4175476,5.4072022,1
396,1,0,2,1,-1,unknown,Chad,tank,What does Chad believe the tank contains?,-4.41892,2.5046275,-2.941115,-0.50466543,0.7806023,-2.2549217,0.29076263,0.27708277,-5.96402,4.240397,0
397,1,1,3,0,1,milk,Ivy,bottle,What does Ivy believe the bottle contains?,9.427318,1.1947358,1.0943711,-0.63055986,5.8251524,0.50513905,-5.744708,-0.031789742,-3.5277102,0.5536786,1
398,1,1,3,0,1,coffee,Bob,glass,What does Bob believe the glass contains?,9.115385,3.531731,0.6260688,3.3743315,3.971149,-2.7606425,-5.094735,1.8174852,2.82299,3.575366,1
399,1,1,3,0,1,milk,Rob,jug,What does Rob believe the jug contains?,10.146179,0.15703112,2.752393,-0.7470381,6.0854764,-2.4116774,-3.312673,1.6986935,-0.65542644,2.2347636,1
