subspace,experiment,anchor_layer,probe_variable,rank,dcm_full_rank_acc,dcm_subspace_acc,probe_full,probe_full_source,probe_proj,probe_orth,orth_drop_vs_full,proj_minus_orth,baseline,n,n_classes
pointer_lamb0p2,answer_lookback-pointer,0,state_idx_when_known,0.0,0.0,0.0,0.46774193548387094,phase2,0.5141700404858299,0.45161290322580644,0.016129032258064502,0.06255713726002349,0.5141700404858299,247,2
pointer_lamb0p2,answer_lookback-pointer,2,state_idx_when_known,0.0,0.0,0.0,0.5,phase2,0.5141700404858299,0.4838709677419355,0.016129032258064502,0.03029907274389443,0.5141700404858299,247,2
pointer_lamb0p2,answer_lookback-pointer,4,state_idx_when_known,0.0,0.0,0.0,0.967741935483871,phase2,0.5141700404858299,0.967741935483871,0.0,-0.45357189499804107,0.5141700404858299,247,2
pointer_lamb0p2,answer_lookback-pointer,6,state_idx_when_known,0.0,0.0,0.0,0.9838709677419355,phase2,0.5141700404858299,0.9838709677419355,0.0,-0.46970092725610557,0.5141700404858299,247,2
pointer_lamb0p2,answer_lookback-pointer,8,state_idx_when_known,0.0,0.0,0.0,0.967741935483871,phase2,0.5141700404858299,0.967741935483871,0.0,-0.45357189499804107,0.5141700404858299,247,2
pointer_lamb0p2,answer_lookback-pointer,10,state_idx_when_known,0.0,0.0,0.0,1.0,phase2,0.5141700404858299,1.0,0.0,-0.4858299595141701,0.5141700404858299,247,2
pointer_lamb0p2,answer_lookback-pointer,12,state_idx_when_known,0.0,0.0,0.0,1.0,phase2,0.5141700404858299,1.0,0.0,-0.4858299595141701,0.5141700404858299,247,2
pointer_lamb0p2,answer_lookback-pointer,14,state_idx_when_known,0.0,0.0,0.0,1.0,phase2,0.5141700404858299,1.0,0.0,-0.4858299595141701,0.5141700404858299,247,2
pointer_lamb0p2,answer_lookback-pointer,16,state_idx_when_known,0.0,0.0,0.0,1.0,phase2,0.5141700404858299,1.0,0.0,-0.4858299595141701,0.5141700404858299,247,2
pointer_lamb0p2,answer_lookback-pointer,18,state_idx_when_known,0.0,0.0,0.0,1.0,phase2,0.5141700404858299,1.0,0.0,-0.4858299595141701,0.5141700404858299,247,2
pointer_lamb0p2,answer_lookback-pointer,20,state_idx_when_known,0.0,0.0,0.0,1.0,phase2,0.5141700404858299,1.0,0.0,-0.4858299595141701,0.5141700404858299,247,2
pointer_lamb0p2,answer_lookback-pointer,22,state_idx_when_known,0.0,0.0,0.0,1.0,phase2,0.5141700404858299,1.0,0.0,-0.4858299595141701,0.5141700404858299,247,2
pointer_lamb0p2,answer_lookback-pointer,24,state_idx_when_known,0.0,0.0,0.0,1.0,phase2,0.5141700404858299,1.0,0.0,-0.4858299595141701,0.5141700404858299,247,2
pointer_lamb0p2,answer_lookback-pointer,26,state_idx_when_known,1.0,0.0,0.0,1.0,phase2,1.0,0.7419354838709677,0.25806451612903225,0.25806451612903225,0.5141700404858299,247,2
pointer_lamb0p2,answer_lookback-pointer,28,state_idx_when_known,1.0,0.0,0.0125,1.0,phase2,1.0,0.6935483870967742,0.30645161290322576,0.30645161290322576,0.5141700404858299,247,2
pointer_lamb0p2,answer_lookback-pointer,30,state_idx_when_known,3.0,0.4,0.4125,1.0,phase2,1.0,0.7903225806451613,0.20967741935483875,0.20967741935483875,0.5141700404858299,247,2
pointer_lamb0p2,answer_lookback-pointer,32,state_idx_when_known,2.0,0.9875,0.9625,1.0,phase2,1.0,0.8548387096774194,0.14516129032258063,0.14516129032258063,0.5141700404858299,247,2
pointer_lamb0p2,answer_lookback-pointer,34,state_idx_when_known,2.0,0.9875,0.9625,1.0,phase2,1.0,0.8064516129032258,0.19354838709677424,0.19354838709677424,0.5141700404858299,247,2
pointer_lamb0p2,answer_lookback-pointer,36,state_idx_when_known,10.0,0.9,0.5,1.0,phase2,1.0,0.8387096774193549,0.16129032258064513,0.16129032258064513,0.5141700404858299,247,2
pointer_lamb0p2,answer_lookback-pointer,38,state_idx_when_known,11.0,0.375,0.1875,1.0,phase2,1.0,0.7903225806451613,0.20967741935483875,0.20967741935483875,0.5141700404858299,247,2
pointer_lamb0p2,answer_lookback-pointer,40,state_idx_when_known,9.0,0.2,0.1125,1.0,phase2,1.0,0.8064516129032258,0.19354838709677424,0.19354838709677424,0.5141700404858299,247,2
pointer_lamb0p2,answer_lookback-pointer,42,state_idx_when_known,9.0,0.0125,0.0125,1.0,phase2,1.0,0.7903225806451613,0.20967741935483875,0.20967741935483875,0.5141700404858299,247,2
pointer_lamb0p2,answer_lookback-pointer,44,state_idx_when_known,7.0,0.0,0.0,1.0,phase2,1.0,0.7580645161290323,0.24193548387096775,0.24193548387096775,0.5141700404858299,247,2
pointer_lamb0p2,answer_lookback-pointer,46,state_idx_when_known,7.0,0.0,0.0125,1.0,phase2,0.8064516129032258,0.8548387096774194,0.14516129032258063,-0.048387096774193616,0.5141700404858299,247,2
pointer_lamb0p2,answer_lookback-pointer,47,state_idx_when_known,6.0,0.0,0.0,1.0,audit_recomputed,0.7580645161290323,0.9193548387096774,0.08064516129032262,-0.16129032258064513,0.5141700404858299,247,2
payload_lamb0p1,answer_lookback-payload,0,query_pair,0.0,0.0,0.0,0.272,phase2,0.254,0.296,-0.023999999999999966,-0.04199999999999998,0.254,500,4
payload_lamb0p1,answer_lookback-payload,2,query_pair,0.0,0.0,0.0,0.288,phase2,0.254,0.288,0.0,-0.033999999999999975,0.254,500,4
payload_lamb0p1,answer_lookback-payload,4,query_pair,0.0,0.0,0.0,0.648,phase2,0.254,0.656,-0.008000000000000007,-0.402,0.254,500,4
payload_lamb0p1,answer_lookback-payload,6,query_pair,0.0,0.0,0.0,0.648,phase2,0.254,0.648,0.0,-0.394,0.254,500,4
payload_lamb0p1,answer_lookback-payload,8,query_pair,0.0,0.0,0.0,0.704,phase2,0.254,0.704,0.0,-0.44999999999999996,0.254,500,4
payload_lamb0p1,answer_lookback-payload,10,query_pair,0.0,0.0,0.0,0.84,phase2,0.254,0.84,0.0,-0.586,0.254,500,4
payload_lamb0p1,answer_lookback-payload,12,query_pair,0.0,0.0,0.0,0.896,phase2,0.254,0.912,-0.016000000000000014,-0.658,0.254,500,4
payload_lamb0p1,answer_lookback-payload,14,query_pair,0.0,0.0,0.0,0.96,phase2,0.254,0.96,0.0,-0.706,0.254,500,4
payload_lamb0p1,answer_lookback-payload,16,query_pair,0.0,0.0,0.0,0.992,phase2,0.254,0.984,0.008000000000000007,-0.73,0.254,500,4
payload_lamb0p1,answer_lookback-payload,18,query_pair,0.0,0.0,0.0,0.992,phase2,0.254,0.992,0.0,-0.738,0.254,500,4
payload_lamb0p1,answer_lookback-payload,20,query_pair,0.0,0.0,0.0,0.992,phase2,0.254,0.992,0.0,-0.738,0.254,500,4
payload_lamb0p1,answer_lookback-payload,22,query_pair,0.0,0.0,0.0,1.0,phase2,0.254,1.0,0.0,-0.746,0.254,500,4
payload_lamb0p1,answer_lookback-payload,24,query_pair,0.0,0.0,0.0,1.0,phase2,0.254,1.0,0.0,-0.746,0.254,500,4
payload_lamb0p1,answer_lookback-payload,26,query_pair,1.0,0.0,0.0,1.0,phase2,0.616,1.0,0.0,-0.384,0.254,500,4
payload_lamb0p1,answer_lookback-payload,28,query_pair,2.0,0.025,0.025,1.0,phase2,0.944,0.992,0.008000000000000007,-0.04800000000000004,0.254,500,4
payload_lamb0p1,answer_lookback-payload,30,query_pair,2.0,0.075,0.05,1.0,phase2,0.936,0.992,0.008000000000000007,-0.05599999999999994,0.254,500,4
payload_lamb0p1,answer_lookback-payload,32,query_pair,3.0,0.0625,0.075,1.0,phase2,0.952,1.0,0.0,-0.04800000000000004,0.254,500,4
payload_lamb0p1,answer_lookback-payload,34,query_pair,4.0,0.0625,0.0875,1.0,phase2,0.936,1.0,0.0,-0.06399999999999995,0.254,500,4
payload_lamb0p1,answer_lookback-payload,36,query_pair,21.0,0.1875,0.1625,1.0,phase2,0.968,0.912,0.08799999999999997,0.05599999999999994,0.254,500,4
payload_lamb0p1,answer_lookback-payload,38,query_pair,24.0,0.2,0.2,0.992,phase2,0.984,0.904,0.08799999999999997,0.07999999999999996,0.254,500,4
payload_lamb0p1,answer_lookback-payload,40,query_pair,28.0,0.3875,0.2875,0.992,phase2,0.976,0.856,0.136,0.12,0.254,500,4
payload_lamb0p1,answer_lookback-payload,42,query_pair,26.0,0.8625,0.65,0.992,phase2,0.976,0.88,0.11199999999999999,0.09599999999999997,0.254,500,4
payload_lamb0p1,answer_lookback-payload,44,query_pair,26.0,0.975,0.85,0.992,phase2,0.976,0.864,0.128,0.11199999999999999,0.254,500,4
payload_lamb0p1,answer_lookback-payload,46,query_pair,32.0,1.0,0.95,0.992,phase2,0.936,0.848,0.14400000000000002,0.08800000000000008,0.254,500,4
payload_lamb0p1,answer_lookback-payload,47,query_pair,38.0,1.0,0.6125,0.992,audit_recomputed,0.936,0.896,0.09599999999999997,0.040000000000000036,0.254,500,4
